-- phpMyAdmin SQL Dump
-- version 5.2.1
-- https://www.phpmyadmin.net/
--
-- Host: 127.0.0.1
-- Generation Time: Mar 10, 2024 at 01:38 PM
-- Server version: 10.4.32-MariaDB
-- PHP Version: 8.2.12

SET SQL_MODE = "NO_AUTO_VALUE_ON_ZERO";
START TRANSACTION;
SET time_zone = "+00:00";


/*!40101 SET @OLD_CHARACTER_SET_CLIENT=@@CHARACTER_SET_CLIENT */;
/*!40101 SET @OLD_CHARACTER_SET_RESULTS=@@CHARACTER_SET_RESULTS */;
/*!40101 SET @OLD_COLLATION_CONNECTION=@@COLLATION_CONNECTION */;
/*!40101 SET NAMES utf8mb4 */;

--
-- Database: `datvemaybay`
--

-- --------------------------------------------------------

--
-- Table structure for table `baiviet`
--

CREATE TABLE `baiviet` (
  `ID_News` int(11) NOT NULL,
  `ID_User` int(11) DEFAULT NULL,
  `AnhBaiViet` text DEFAULT NULL,
  `NgayDang` date DEFAULT NULL,
  `ID_TheLoai` int(11) DEFAULT NULL,
  `TieuDe` varchar(255) DEFAULT NULL,
  `MoTa` text DEFAULT NULL,
  `Tag` text DEFAULT NULL,
  `AnHien` int(11) DEFAULT NULL
) ENGINE=InnoDB DEFAULT CHARSET=utf8 COLLATE=utf8_general_ci;

--
-- Dumping data for table `baiviet`
--

INSERT INTO `baiviet` (`ID_News`, `ID_User`, `AnhBaiViet`, `NgayDang`, `ID_TheLoai`, `TieuDe`, `MoTa`, `Tag`, `AnHien`) VALUES
(1089, 2024, '65e87df12d6658.48702622.jpg', '2024-03-10', 4, 'ccqqq', '<span style=\"color: rgb(0, 0, 0); font-family: Archivo, sans-serif;\">Flc Hạ Long, các tòa căn hộ khách sạn đẳng cấp 5 sao tọa lạc trên đỉnh đồi trung tâm thành phố. Đây là nơi đẹp nhất để chiêm ngưỡng trọn vẹn kỳ quan thiên nhiên Vịnh Hạ Long. Sở hữu những tiện ích đẳng cấp hàng đầu như sân golf 18 hố dạng links, trung tâm hội nghị quốc tế 1500 chỗ, bể bơi bốn mùa 1000m2 và Skybar view vịnh cao nhất thành phố.</span>', '1', 1),
(1090, 2024, '65e87df12d6658.48702622.jpg', '2024-03-10', 3, 'ddwq', 'cwqcw', 'cwq', 1),
(1091, 2024, '65e87df12f26d1.59442220.jpg', '2024-03-10', 1, 'dwqwdq', 'cq', '1', 1);

-- --------------------------------------------------------

--
-- Table structure for table `bookings`
--

CREATE TABLE `bookings` (
  `ID_Bookings` int(11) NOT NULL,
  `ID_KhachHang` int(11) DEFAULT NULL,
  `ID_Tour` int(11) DEFAULT NULL,
  `NgayDat` date DEFAULT NULL,
  `TongTien` decimal(10,2) DEFAULT NULL,
  `PhuongThucThanhToan` varchar(255) DEFAULT NULL
) ENGINE=InnoDB DEFAULT CHARSET=utf8 COLLATE=utf8_general_ci;

--
-- Dumping data for table `bookings`
--

INSERT INTO `bookings` (`ID_Bookings`, `ID_KhachHang`, `ID_Tour`, `NgayDat`, `TongTien`, `PhuongThucThanhToan`) VALUES
(1663, 3698, 1385, '2024-03-09', 0.00, 'momo'),
(1664, 3699, 1385, '2024-03-09', 0.00, 'momo'),
(1665, 3700, 1385, '2024-03-10', 3650000.00, 'momo'),
(1666, 3701, 1385, '2024-03-10', 3650000.00, 'MoMo');

-- --------------------------------------------------------

--
-- Table structure for table `chitietdatve`
--

CREATE TABLE `chitietdatve` (
  `ID_ChiTietDatVe` int(11) NOT NULL,
  `ID_DatVe` int(11) DEFAULT NULL,
  `ID_DichVu` int(11) DEFAULT NULL,
  `TongTien` decimal(10,2) DEFAULT NULL,
  `PhuongThucThanhToan` varchar(100) DEFAULT NULL
) ENGINE=InnoDB DEFAULT CHARSET=utf8 COLLATE=utf8_general_ci;

--
-- Dumping data for table `chitietdatve`
--

INSERT INTO `chitietdatve` (`ID_ChiTietDatVe`, `ID_DatVe`, `ID_DichVu`, `TongTien`, `PhuongThucThanhToan`) VALUES
(9174, 8766, 0, 3060000.00, 'momo');

-- --------------------------------------------------------

--
-- Table structure for table `chitietdatvekhuhoi`
--

CREATE TABLE `chitietdatvekhuhoi` (
  `ID_ChiTietDatVeKhuHoi` int(11) NOT NULL,
  `ID_DatVeKhuHoi` int(11) DEFAULT NULL,
  `ID_DichVu` int(11) DEFAULT NULL,
  `TongTien` decimal(10,2) DEFAULT NULL,
  `PhuongThucThanhToan` varchar(100) DEFAULT NULL
) ENGINE=InnoDB DEFAULT CHARSET=utf8 COLLATE=utf8_general_ci;

--
-- Dumping data for table `chitietdatvekhuhoi`
--

INSERT INTO `chitietdatvekhuhoi` (`ID_ChiTietDatVeKhuHoi`, `ID_DatVeKhuHoi`, `ID_DichVu`, `TongTien`, `PhuongThucThanhToan`) VALUES
(6470, 20262, 0, 7410400.00, 'momo'),
(6471, 20263, 0, 4877400.00, 'momo'),
(6472, 20264, 0, 7410400.00, 'momo'),
(6473, 20265, 0, 4877400.00, 'momo');

-- --------------------------------------------------------

--
-- Table structure for table `chuyenbaydi`
--

CREATE TABLE `chuyenbaydi` (
  `ID_ChuyenBayDi` int(11) NOT NULL,
  `ID_CHK` varchar(50) DEFAULT NULL,
  `SoHieu` varchar(50) DEFAULT NULL,
  `ID_LoaiBay` int(11) DEFAULT NULL,
  `ThoiGianDi` datetime DEFAULT NULL,
  `ThoiGianDen` datetime DEFAULT NULL,
  `TrangThai` varchar(100) NOT NULL,
  `SoLuongVe` int(11) DEFAULT NULL,
  `GiaVe` decimal(10,2) DEFAULT NULL,
  `ID_MaTuyen` varchar(50) DEFAULT NULL,
  `ID_LoaiVe` int(11) DEFAULT NULL
) ENGINE=InnoDB DEFAULT CHARSET=utf8 COLLATE=utf8_general_ci;

--
-- Dumping data for table `chuyenbaydi`
--

INSERT INTO `chuyenbaydi` (`ID_ChuyenBayDi`, `ID_CHK`, `SoHieu`, `ID_LoaiBay`, `ThoiGianDi`, `ThoiGianDen`, `TrangThai`, `SoLuongVe`, `GiaVe`, `ID_MaTuyen`, `ID_LoaiVe`) VALUES
(7657, NULL, 'VJ002', 1, '2024-03-03 04:10:00', '2024-03-03 05:45:00', '1', 20, 1267890.00, 'LAQ745', 1),
(11324, NULL, 'QH007', 1, '2024-03-03 10:05:00', '2024-03-03 11:35:00', '1', 20, 1700000.00, 'SQP351', 2),
(12325, NULL, 'QH003', 1, '2024-03-03 00:20:00', '2024-03-03 01:55:00', '1', 20, 1534800.00, 'LAQ697', 2),
(12345, NULL, 'VJ007', 1, '2024-03-01 04:30:00', '2024-03-01 06:00:00', '1', 20, 1175840.00, 'PO003', 1),
(12368, NULL, 'VJ007', 1, '2024-03-04 06:05:00', '2024-03-04 07:35:00', '1', 20, 1866234.80, 'HSQ652', 2),
(12424, NULL, 'VN005', 1, '2024-04-02 10:05:00', '2024-04-02 11:20:00', '1', 20, 1200000.00, 'NH526', 2),
(12432, NULL, 'VN006', 1, '2024-05-04 10:05:00', '2024-05-04 11:30:00', '1', 20, 2000000.00, 'HDN226', 3),
(15463, NULL, 'VJ007', 1, '2024-03-01 04:00:00', '2024-03-01 05:30:00', '1', 20, 1175840.00, 'MT122', 1),
(15615, NULL, 'QH003', 1, '2024-03-01 00:20:00', '2024-03-01 01:50:00', '1', 20, 1534800.00, 'DA001', 1),
(15789, NULL, 'VN005', 1, '2024-03-01 15:00:00', '2024-03-01 16:30:00', '1', 20, 1905000.00, 'MT125', 1),
(15796, NULL, 'VN006', 1, '2024-03-01 08:00:00', '2024-03-01 09:20:00', '1', 20, 1905000.00, 'MT114', 1),
(15798, NULL, 'VN001', 1, '2024-03-01 14:20:00', '2024-03-01 15:40:00', '1', 20, 1470000.00, 'MT004', 3),
(15985, NULL, 'QH007', 1, '2024-03-02 04:10:00', '2024-03-02 05:40:00', '1', 20, 1267890.00, 'SDN001', 1),
(17833, NULL, 'VN001', 1, '2024-03-01 09:00:00', '2024-03-01 10:30:00', '1', 20, 1905000.00, 'MT126', 1),
(17846, NULL, 'VJ007', 1, '2024-03-01 17:00:00', '2024-03-01 18:30:00', '1', 20, 1274000.00, 'MT113', 1),
(17848, NULL, 'VN006', 1, '2024-03-01 08:30:00', '2024-03-01 10:00:00', '1', 20, 1960000.00, 'TM103', 2),
(17861, NULL, 'QH007', 1, '2024-03-01 05:00:00', '2024-03-01 06:40:00', '1', 20, 1303000.00, 'MT106', 1),
(17889, NULL, 'VN005', 1, '2024-03-01 07:00:00', '2024-03-01 08:30:00', '1', 20, 3268000.00, 'DA004', 3),
(17893, NULL, 'VJ002', 1, '2024-03-01 09:00:00', '2024-01-10 10:30:00', '1', 20, 1534000.00, 'MT003', 2),
(17896, NULL, 'VJ007', 1, '2024-03-01 07:00:00', '2024-03-01 08:30:00', '1', 20, 3268000.00, 'MT101', 3),
(18746, NULL, 'VJ006', 1, '2024-03-01 15:30:00', '2024-03-01 16:45:00', '1', 20, 1445100.00, 'MT112', 1),
(18975, NULL, 'VJ002', 1, '2024-03-01 14:30:00', '2024-03-01 15:50:00', '1', 20, 832000.00, 'MT100', 2),
(21323, NULL, 'VN006', 1, '2024-03-05 10:05:00', '2024-03-05 11:30:00', '1', 20, 2000000.00, 'ERQ226', 2),
(21765, NULL, 'QH003', 1, '2024-03-05 00:20:00', '2024-03-05 01:45:00', '1', 20, 2500000.00, 'ERQ486', 3),
(22234, NULL, 'VJ006', 1, '2024-03-01 05:00:00', '2024-03-01 06:40:00', '1', 20, 1303000.00, 'DA003', 1),
(23115, NULL, 'QH003', 1, '2024-03-05 00:20:00', '2024-03-05 01:20:00', '1', 20, 2500000.00, 'OPS486', 3),
(23123, NULL, 'VN005', 2, '2024-04-04 16:25:00', '2024-04-04 18:35:00', '1', 20, 1758000.00, 'HAH897', 1),
(23147, NULL, 'VN001', 1, '2024-03-02 09:10:00', '2024-03-02 10:40:00', '1', 20, 1947230.00, 'SDN125', 1),
(23156, NULL, 'QH003', 1, '2024-03-03 11:15:00', '2024-03-03 12:45:00', '1', 20, 1500000.00, 'SC741', 3),
(23214, NULL, 'VJ002', 1, '2024-03-04 11:05:00', '2024-03-04 12:40:00', '1', 20, 2376701.25, 'SDD348', 3),
(23432, NULL, 'QH007', 1, '2024-03-05 04:30:00', '2024-03-05 05:55:00', '1', 20, 1800000.00, 'ERQ501', 2),
(24784, NULL, 'VJ002', 1, '2024-03-01 19:00:00', '2024-02-01 20:10:00', '1', 20, 1534000.00, 'MT006', 2),
(25489, NULL, 'QH007', 1, '2024-03-01 06:00:00', '2024-03-01 07:20:00', '1', 20, 1470000.00, 'MT001', 2),
(25789, NULL, 'VN006', 1, '2024-03-01 16:00:00', '2024-01-10 17:30:00', '1', 20, 1905000.00, 'MT117', 1),
(26572, NULL, 'VJ006', 1, '2024-03-02 16:10:00', '2024-03-02 17:40:00', '1', 20, 1900980.00, 'SDL002', 2),
(26578, NULL, 'VJ007', 1, '2024-03-01 05:00:00', '2024-03-01 06:20:00', '1', 20, 2769000.00, 'DA002', 2),
(26789, NULL, 'VJ007', 1, '2024-03-02 09:10:00', '2024-03-02 10:30:00', '1', 20, 1598880.00, 'SDL123', 2),
(27896, NULL, 'VJ007', 1, '2024-03-01 14:00:00', '2024-03-01 15:30:00', '1', 20, 1178400.00, 'MT121', 1),
(28792, NULL, 'VJ002', 1, '2024-03-01 04:00:00', '2024-03-01 05:20:00', '1', 20, 1113700.00, 'MT111', 1),
(32156, NULL, 'VJ006', 1, '2024-03-02 14:30:00', '2024-03-02 15:50:00', '1', 20, 1784560.00, 'SDN123', 3),
(32554, NULL, 'QH003', 1, '2024-03-02 05:10:00', '2024-03-02 06:50:00', '1', 20, 1876500.00, 'SDN245', 1),
(34367, NULL, 'QH007', 1, '2024-03-04 10:15:00', '2024-03-04 11:45:00', '1', 20, 1388122.65, 'HSQ486', 2),
(34578, NULL, 'VJ006', 1, '2024-03-03 16:35:00', '2024-03-03 18:05:00', '1', 20, 1000000.00, 'SC692', 2),
(36578, NULL, 'VN001', 1, '2024-03-01 03:00:00', '2024-03-01 04:30:00', '1', 20, 4348000.00, 'MT124', 3),
(41232, NULL, 'QH007', 1, '2024-05-04 04:30:00', '2024-05-04 05:55:00', '1', 20, 900000.00, 'HDN001', 1),
(42132, NULL, 'VJ002', 1, '2024-03-04 09:55:00', '2024-03-04 11:30:00', '1', 20, 1298952.15, 'HSQ798', 1),
(43422, NULL, 'QH008', 1, '2024-03-04 09:45:00', '2024-03-04 11:15:00', '1', 20, 1600796.85, 'HSQ321', 2),
(44784, NULL, 'VJ006', 1, '2024-03-01 12:00:00', '2024-03-01 13:20:00', '1', 20, 1278000.00, 'MT123', 1),
(45543, NULL, 'VJ007', 2, '2024-04-04 10:20:00', '2024-04-04 12:30:00', '1', 20, 1798323.20, 'HAH031', 1),
(45678, NULL, 'VJ006', 1, '2024-03-01 08:30:00', '2024-03-01 10:00:00', '1', 20, 1405000.00, 'PO005', 1),
(45766, NULL, 'QH007', 1, '2024-03-04 11:25:00', '2024-03-04 12:55:00', '1', 20, 2320567.75, 'SDD732', 3),
(45894, NULL, 'QH007', 2, '2024-03-04 08:40:00', '2024-03-04 10:50:00', '1', 20, 2208233.90, 'SHH234', 2),
(46587, NULL, 'VJ006', 1, '2024-03-01 17:00:00', '2024-03-01 18:20:00', '1', 20, 2949000.00, 'MT110', 2),
(47853, NULL, 'VN001', 1, '2024-03-01 07:15:00', '2024-03-01 08:35:00', '1', 20, 3500000.00, 'HC003', 2),
(47882, NULL, 'VJ007', 1, '2024-03-02 08:10:00', '2024-03-02 09:30:00', '1', 20, 1598880.00, 'SDN003', 1),
(48796, NULL, 'VJ006', 1, '2024-03-01 21:00:00', '2024-03-01 22:30:00', '1', 20, 1178400.00, 'MT120', 1),
(48922, NULL, 'VJ007', 1, '2024-03-01 00:20:00', '2024-01-10 01:50:00', '1', 20, 1534800.00, 'MT005', 2),
(48981, NULL, 'VJ006', 1, '2024-03-01 15:30:00', '2024-03-01 17:00:00', '1', 20, 1450000.00, 'TM102', 1),
(51344, NULL, 'VN001', 2, '2024-03-04 14:15:00', '2024-03-04 16:25:00', '1', 20, 2496395.50, 'SHH754', 2),
(52365, NULL, 'QH008', 1, '2024-03-03 06:15:00', '2024-03-03 07:45:00', '1', 20, 1600000.00, 'SQP771', 2),
(53243, NULL, 'VJ007', 1, '2024-03-03 04:30:00', '2024-03-03 06:05:00', '1', 20, 1175840.00, 'LAQ098', 1),
(54341, NULL, 'VJ002', 2, '2024-03-04 08:20:00', '2024-03-04 10:30:00', '1', 20, 1731284.85, 'SHH665', 1),
(54343, NULL, 'QH003', 1, '2024-05-04 00:20:00', '2024-05-04 01:45:00', '1', 20, 2500000.00, 'HDN486', 4),
(54353, NULL, 'VJ007', 1, '2024-05-04 04:10:00', '2024-05-04 05:35:00', '1', 20, 1500000.00, 'HDN098', 2),
(54354, NULL, 'VJ002', 2, '2024-04-04 10:30:00', '2024-04-04 12:40:00', '1', 20, 2393821.75, 'HAH554', 2),
(54366, NULL, 'QH003', 1, '2024-04-02 00:20:00', '2024-04-02 01:35:00', '1', 20, 2300000.00, 'NH686', 4),
(54367, NULL, 'VJ002', 1, '2024-03-05 04:10:00', '2024-03-05 05:10:00', '1', 20, 1800000.00, 'OPS098', 2),
(54377, NULL, 'VN005', 1, '2024-03-03 06:40:00', '2024-03-03 08:10:00', '1', 20, 1200000.00, 'SC226', 2),
(54655, NULL, 'QH003', 2, '2024-04-04 06:40:00', '2024-04-04 08:50:00', '1', 20, 1610570.55, 'HAH035', 1),
(54667, NULL, 'VN001', 1, '2024-03-03 04:00:00', '2024-03-03 05:35:00', '1', 20, 1175840.00, 'LAQ226', 1),
(54688, NULL, 'VN001', 1, '2024-03-03 05:30:00', '2024-03-03 07:00:00', '1', 20, 1800000.00, 'SQP226', 2),
(55567, NULL, 'VJ007', 1, '2024-03-01 05:00:00', '2024-03-01 06:20:00', '1', 20, 3200000.00, 'HC002', 2),
(56546, NULL, 'VJ002', 1, '2024-03-05 04:10:00', '2024-03-05 05:35:00', '1', 20, 1500000.00, 'ERQ198', 1),
(56597, NULL, 'QH003', 1, '2024-03-01 00:20:00', '2024-03-01 01:50:00', '1', 20, 2200000.00, 'HC001', 1),
(56989, NULL, 'QH008', 1, '2024-03-02 05:10:00', '2024-03-02 06:40:00', '1', 20, 1267890.00, 'SDL001', 1),
(57846, NULL, 'VN005', 1, '2024-03-01 15:00:00', '2024-01-10 16:40:00', '1', 20, 832000.00, 'MT105', 1),
(58768, NULL, 'QH008', 1, '2024-03-01 13:00:00', '2024-03-01 14:40:00', '1', 20, 1519000.00, 'MT107', 1),
(58797, NULL, 'VN001', 1, '2024-03-01 14:45:00', '2024-03-01 16:15:00', '1', 20, 1240000.00, 'TM104', 1),
(59788, NULL, 'VJ006', 1, '2024-03-02 00:20:00', '2024-03-02 01:50:00', '1', 20, 2478110.00, 'HAL152', 1),
(65243, NULL, 'VJ006', 1, '2024-03-03 16:25:00', '2024-03-03 17:55:00', '1', 20, 1200000.00, 'SQP365', 1),
(65334, NULL, 'QH003', 2, '2024-03-04 04:30:00', '2024-03-04 06:40:00', '1', 20, 1629301.55, 'SHH245', 1),
(65421, NULL, 'VJ006', 1, '2024-03-05 04:30:00', '2024-03-05 05:30:00', '1', 20, 1200000.00, 'OPS001', 1),
(65431, NULL, 'VJ007', 1, '2024-03-05 06:05:00', '2024-03-05 08:05:00', '1', 20, 2300000.00, 'SPH102', 3),
(65435, NULL, 'VJ006', 1, '2024-05-04 06:05:00', '2024-05-04 07:30:00', '1', 20, 2300000.00, 'HDN002', 4),
(65456, NULL, 'VJ002', 1, '2024-04-02 04:10:00', '2024-04-02 05:25:00', '1', 20, 800000.00, 'NH018', 1),
(65467, NULL, 'QH007', 1, '2024-04-02 04:30:00', '2024-04-02 05:45:00', '1', 20, 1300000.00, 'NH401', 2),
(65483, NULL, 'VJ006', 1, '2024-03-05 06:05:00', '2024-03-05 07:30:00', '1', 20, 2300000.00, 'ERQ602', 3),
(65622, NULL, 'VN006', 1, '2024-03-03 18:40:00', '2024-03-03 20:10:00', '1', 20, 2000000.00, 'SC556', 4),
(65644, NULL, 'VJ007', 1, '2024-03-03 07:10:00', '2024-03-03 08:40:00', '1', 20, 800000.00, 'SC098', 1),
(65674, NULL, 'VN006', 1, '2024-03-02 15:30:00', '2024-03-02 16:50:00', '1', 20, 1784560.00, 'SDL125', 2),
(65743, NULL, 'VJ007', 1, '2024-03-03 06:00:00', '2024-03-03 07:30:00', '1', 20, 1500000.00, 'SQP098', 2),
(65754, NULL, 'VN005', 1, '2024-03-04 15:50:00', '2024-03-04 17:20:00', '1', 20, 1070455.80, 'HSQ216', 1),
(65789, NULL, 'VN006', 1, '2024-03-03 08:00:00', '2024-03-03 09:35:00', '1', 20, 1905000.00, 'LAQ726', 3),
(65978, NULL, 'VN006', 1, '2024-03-02 15:00:00', '2024-03-02 16:30:00', '1', 20, 2822370.00, 'HAL230', 1),
(66543, NULL, 'VN005', 1, '2024-03-04 16:00:00', '2024-03-04 17:30:00', '1', 20, 1687418.90, 'SDD766', 2),
(67890, NULL, 'VJ007', 1, '2024-03-01 15:30:00', '2024-03-01 17:00:00', '1', 20, 1305000.00, 'PO004', 1),
(68746, NULL, 'VN006', 1, '2024-03-01 10:00:00', '2024-03-01 11:30:00', '1', 20, 1905000.00, 'MT116', 1),
(68884, NULL, 'VJ006', 1, '2024-03-03 15:00:00', '2024-03-03 16:35:00', '1', 20, 1905000.00, 'LAQ778', 2),
(68920, NULL, 'VJ007', 1, '2024-03-01 17:00:00', '2024-01-10 18:20:00', '1', 20, 1534800.00, 'MT007', 2),
(68957, NULL, 'VJ002', 1, '2024-03-02 15:10:00', '2024-03-02 16:40:00', '1', 20, 1900980.00, 'SDN002', 1),
(74823, NULL, 'VJ002', 1, '2024-03-01 14:20:00', '2024-03-01 15:30:00', '1', 20, 1530000.00, 'MT002', 2),
(75644, NULL, 'QH008', 2, '2024-04-04 10:50:00', '2024-04-04 13:00:00', '1', 20, 1358000.00, 'HAH055', 1),
(76454, NULL, 'QH003', 1, '2024-03-04 07:15:00', '2024-03-04 08:40:00', '1', 20, 2032798.60, 'SDD546', 3),
(76534, NULL, 'VJ007', 2, '2024-03-04 08:10:00', '2024-03-04 10:20:00', '1', 20, 2293795.20, 'SHH132', 2),
(76555, NULL, 'VN001', 1, '2024-03-05 10:05:00', '2024-03-05 11:05:00', '1', 20, 2000000.00, 'OPS226', 2),
(77646, NULL, 'QH003', 1, '2024-03-03 01:50:00', '2024-03-03 03:20:00', '1', 20, 1300000.00, 'SQP447', 1),
(77894, NULL, 'QH007', 1, '2024-03-01 09:00:00', '2024-03-01 10:40:00', '1', 20, 2636000.00, 'MT109', 3),
(78436, NULL, 'VJ002', 1, '2024-03-01 13:00:00', '2024-03-01 14:30:00', '1', 20, 1123380.00, 'MT102', 1),
(78564, NULL, 'VN001', 1, '2024-03-04 10:55:00', '2024-03-04 12:25:00', '1', 20, 1894159.35, 'SDD121', 2),
(78946, NULL, 'QH003', 1, '2024-03-01 04:00:00', '2024-03-01 06:00:00', '1', 20, 3175840.00, 'HL109', 3),
(87453, NULL, 'QH003', 1, '2024-03-04 06:05:00', '2024-03-04 07:30:00', '1', 20, 1561232.75, 'HSQ456', 2),
(87456, NULL, 'VJ007', 1, '2024-03-01 04:30:00', '2024-03-01 06:00:00', '1', 20, 1780000.00, 'TM101', 1),
(87562, NULL, 'VN006', 1, '2024-03-01 18:20:00', '2024-01-10 20:00:00', '1', 20, 2459000.00, 'MT104', 2),
(87634, NULL, 'VJ007', 1, '2024-04-02 06:05:00', '2024-04-02 07:20:00', '1', 20, 2300000.00, 'NH102', 4),
(87855, NULL, 'VJ002', 1, '2024-03-01 09:20:00', '2024-03-01 11:20:00', '1', 20, 2340000.00, 'HL111', 2),
(87879, NULL, 'QH007', 1, '2024-03-03 03:00:00', '2024-03-03 04:30:00', '1', 20, 1700000.00, 'SC486', 3),
(87926, NULL, 'VN005', 1, '2024-03-01 21:00:00', '2024-01-10 22:30:00', '1', 20, 1905000.00, 'MT115', 1),
(87956, NULL, 'VN005', 1, '2024-03-02 17:10:00', '2024-03-02 18:40:00', '1', 20, 1356780.00, 'SDN126', 1),
(88576, NULL, 'VN005', 1, '2024-03-03 17:30:00', '2024-03-03 19:00:00', '1', 20, 2000000.00, 'SQP256', 3),
(88669, NULL, 'VJ007', 1, '2024-03-01 16:30:00', '2024-03-01 18:30:00', '1', 20, 2950000.00, 'HL110', 3),
(92657, NULL, 'QH007', 1, '2024-03-01 19:20:00', '2024-03-01 21:00:00', '1', 20, 2431000.00, 'MT108', 3),
(96454, NULL, 'VJ006', 1, '2024-03-04 07:15:00', '2024-03-04 08:45:00', '1', 20, 2203084.05, 'SDD412', 3),
(97867, NULL, 'QH003', 1, '2024-03-03 14:20:00', '2024-03-03 15:55:00', '1', 20, 1470000.00, 'LAQ647', 2),
(98267, NULL, 'VN001', 1, '2024-03-01 05:00:00', '2024-01-10 06:40:00', '1', 20, 1400000.00, 'MT103', 1),
(98765, NULL, 'VJ002', 1, '2024-03-01 14:45:00', '2024-03-01 16:15:00', '1', 20, 1470000.00, 'PO006', 1),
(99863, NULL, 'QH007', 1, '2024-03-02 10:10:00', '2024-03-02 11:40:00', '1', 20, 1947230.00, 'SDL245', 2),
(112324, NULL, 'VJ002', 1, '2024-03-04 05:30:00', '2024-03-04 06:50:00', '1', 20, 1897210.50, 'HAD098', 2),
(123126, NULL, 'QH003', 2, '2024-04-02 00:20:00', '2024-04-02 01:20:00', '1', 20, 2500000.00, 'SDX486', 3),
(123155, NULL, 'QH007', 2, '2024-03-03 08:25:00', '2024-03-03 10:35:00', '1', 20, 1600000.00, 'NQ546', 2),
(123256, NULL, 'VJ006', 1, '2024-03-02 16:50:00', '2024-03-02 18:20:00', '1', 20, 1905000.00, 'DH226', 2),
(123547, NULL, 'QH003', 1, '2024-03-05 00:20:00', '2024-03-05 01:40:00', '1', 20, 2500000.00, 'NDA876', 3),
(123578, NULL, 'QH008', 1, '2024-03-05 04:30:00', '2024-03-05 06:40:00', '1', 20, 2000000.00, 'NGS651', 2),
(123676, NULL, 'VJ007', 1, '2024-03-04 06:50:00', '2024-03-04 08:10:00', '1', 20, 1175840.00, 'HAD432', 1),
(124356, NULL, 'QH003', 1, '2024-03-02 02:30:00', '2024-03-02 04:00:00', '1', 20, 2345678.00, 'DD001', 1),
(132554, NULL, 'VN006', 1, '2024-04-03 12:15:00', '2024-04-03 13:45:00', '1', 20, 2251054.50, 'JAK126', 2),
(213546, NULL, 'VJ007', 1, '2024-03-02 08:20:00', '2024-03-02 09:50:00', '1', 20, 1403522.35, 'PSQ502', 1),
(214125, NULL, 'VJ002', 1, '2024-03-05 04:10:00', '2024-03-05 05:30:00', '1', 20, 1500000.00, 'NDA231', 1),
(214366, NULL, 'VJ007', 2, '2024-04-03 12:30:00', '2024-04-03 14:40:00', '1', 20, 1200000.00, 'GA098', 1),
(241256, NULL, 'VJ007', 1, '2024-03-03 04:30:00', '2024-03-03 06:40:00', '1', 20, 1175840.00, 'BWL098', 1),
(241887, NULL, 'VN001', 2, '2024-04-03 09:50:00', '2024-04-03 12:00:00', '1', 20, 1574000.00, 'NN226', 2),
(243653, NULL, 'VN001', 1, '2024-03-02 04:50:00', '2024-03-02 06:20:00', '1', 20, 1650475.00, 'DH078', 1),
(265988, NULL, 'QH007', 1, '2024-03-02 08:00:00', '2024-03-02 09:20:00', '1', 20, 2557050.00, 'HAL231', 1),
(268446, NULL, 'VJ007', 1, '2024-03-02 04:30:00', '2024-03-02 06:00:00', '1', 20, 2310470.00, 'HAL123', 3),
(321312, NULL, 'VJ002', 1, '2024-03-03 11:15:00', '2024-03-03 12:45:00', '1', 20, 1697000.75, 'SU112', 1),
(321314, NULL, 'VN001', 1, '2024-03-04 11:05:00', '2024-03-04 12:35:00', '1', 20, 1241158.50, 'SIL534', 2),
(321345, NULL, 'QH007', 1, '2024-03-04 01:20:00', '2024-03-04 02:50:00', '1', 20, 1553867.00, 'SIL154', 2),
(321443, NULL, 'VJ007', 1, '2024-03-02 02:00:00', '2024-03-02 03:30:00', '1', 20, 3245678.00, 'DD002', 2),
(321453, NULL, 'QH003', 1, '2024-04-03 02:30:00', '2024-04-03 04:05:00', '1', 20, 1637805.25, 'JAK486', 1),
(321456, NULL, 'QH003', 1, '2024-03-03 00:20:00', '2024-03-03 01:30:00', '1', 20, 1534800.00, 'BWL486', 2),
(321565, NULL, 'QH007', 1, '2024-03-04 06:30:00', '2024-03-04 08:00:00', '1', 20, 1658545.70, 'SQC645', 3),
(323123, NULL, 'QH008', 2, '2024-04-05 04:30:00', '2024-04-05 06:40:00', '1', 20, 1300000.00, 'HQB411', 1),
(325364, NULL, 'QH008', 1, '2024-03-03 18:40:00', '2024-03-03 20:10:00', '1', 20, 1978000.25, 'SU001', 2),
(325467, NULL, 'VN006', 1, '2024-03-03 05:00:00', '2024-03-03 06:35:00', '1', 20, 1000000.00, 'TD226', 1),
(325567, NULL, 'VJ006', 1, '2024-03-03 08:00:00', '2024-03-03 09:10:00', '1', 20, 1905000.00, 'BWL002', 2),
(335223, NULL, 'VJ002', 1, '2024-04-03 06:20:00', '2024-04-03 07:55:00', '1', 20, 2056980.75, 'JAK698', 2),
(343523, NULL, 'VJ002', 1, '2024-03-02 02:10:00', '2024-03-02 03:40:00', '1', 20, 1744950.00, 'DH098', 1),
(346876, NULL, 'VJ007', 1, '2024-03-02 09:50:00', '2024-03-02 11:10:00', '1', 20, 1905000.00, 'AL098', 2),
(358875, NULL, 'VJ007', 1, '2024-04-01 06:10:00', '2024-04-01 07:40:00', '1', 20, 2193074.30, 'JAK242', 2),
(421322, NULL, 'VN006', 1, '2024-03-04 14:25:00', '2024-03-04 15:55:00', '1', 20, 1378491.25, 'PSQ726', 1),
(423424, NULL, 'QH003', 1, '2024-03-04 02:20:00', '2024-03-04 03:55:00', '1', 20, 1767861.15, 'SQC655', 3),
(423466, NULL, 'QH008', 1, '2024-04-01 06:40:00', '2024-04-01 08:10:00', '1', 20, 2731423.70, 'JAK741', 3),
(425461, NULL, 'VN001', 1, '2024-03-03 04:00:00', '2024-03-03 05:10:00', '1', 20, 1175840.00, 'BWL226', 1),
(432345, NULL, 'QH003', 1, '2024-03-04 05:00:00', '2024-03-04 06:30:00', '1', 20, 865414.50, 'SIL124', 1),
(432356, NULL, 'VN001', 1, '2024-03-05 10:05:00', '2024-03-05 12:15:00', '1', 20, 1700000.00, 'NGS226', 2),
(432456, NULL, 'QH008', 1, '2024-03-04 05:30:00', '2024-03-04 07:00:00', '1', 20, 1864908.15, 'SIL422', 3),
(432661, NULL, 'QH003', 1, '2024-03-03 03:00:00', '2024-03-03 04:30:00', '1', 20, 1323000.25, 'SU486', 1),
(434358, NULL, 'VJ002', 1, '2024-03-03 14:20:00', '2024-03-03 15:30:00', '1', 20, 1470000.00, 'BWL267', 2),
(434361, NULL, 'QH007', 1, '2024-03-03 15:00:00', '2024-03-03 16:10:00', '1', 20, 1905000.00, 'BWL001', 2),
(435476, NULL, 'VJ002', 2, '2024-04-03 05:10:00', '2024-04-03 07:20:00', '1', 20, 2340000.00, 'NN502', 3),
(435575, NULL, 'QH003', 1, '2024-03-02 16:10:00', '2024-03-02 17:40:00', '1', 20, 3567890.00, 'DDA001', 2),
(436578, NULL, 'VN001', 1, '2024-03-03 04:10:00', '2024-03-03 05:20:00', '1', 20, 1267890.00, 'BWL157', 1),
(456578, NULL, 'VN005', 1, '2024-03-02 15:10:00', '2024-03-02 16:30:00', '1', 20, 1677460.00, 'AL226', 1),
(523431, NULL, 'VJ002', 1, '2024-03-05 06:10:00', '2024-03-05 08:20:00', '1', 20, 1267890.00, 'NGS222', 1),
(532431, NULL, 'VJ002', 1, '2024-03-04 08:30:00', '2024-03-04 10:05:00', '1', 20, 1617980.45, 'PSQ098', 1),
(542132, NULL, 'VJ007', 2, '2024-04-05 06:05:00', '2024-04-05 08:15:00', '1', 20, 2300000.00, 'HQB652', 3),
(543132, NULL, 'VJ007', 1, '2024-03-05 06:05:00', '2024-03-05 08:15:00', '1', 20, 2500000.00, 'NGS442', 3),
(543232, NULL, 'QH008', 1, '2024-03-05 04:30:00', '2024-03-05 05:50:00', '1', 20, 1800000.00, 'DAD054', 2),
(543451, NULL, 'VJ002', 2, '2024-04-05 04:10:00', '2024-04-05 05:10:00', '1', 20, 9300000.00, 'DSQ098', 1),
(543453, NULL, 'VJ002', 2, '2024-04-05 04:10:00', '2024-04-05 06:20:00', '1', 20, 1500000.00, 'HQB421', 1),
(543455, NULL, 'VJ002', 1, '2024-03-04 06:10:00', '2024-03-04 07:45:00', '1', 20, 873469.30, 'SQC698', 1),
(543533, NULL, 'VN005', 1, '2024-03-04 11:25:00', '2024-03-04 12:45:00', '1', 20, 1200358.25, 'HAD216', 2),
(543543, NULL, 'QH003', 1, '2024-03-04 01:20:00', '2024-03-04 02:55:00', '1', 20, 991235.75, 'SIL442', 1),
(543546, NULL, 'QH003', 2, '2024-03-03 03:00:00', '2024-03-03 05:10:00', '1', 20, 1300000.00, 'NQ286', 2),
(543671, NULL, 'QH008', 1, '2024-03-05 04:30:00', '2024-03-05 06:30:00', '1', 20, 1800000.00, 'SPH021', 2),
(543673, NULL, 'VN005', 1, '2024-03-03 06:40:00', '2024-03-03 08:10:00', '1', 20, 1890000.75, 'SU226', 2),
(545234, NULL, 'QH003', 1, '2024-03-02 04:20:00', '2024-03-02 06:10:00', '1', 20, 1650475.00, 'DH486', 1),
(545412, NULL, 'VJ007', 1, '2024-03-03 05:30:00', '2024-03-03 07:05:00', '1', 20, 1200000.00, 'TD098', 1),
(545433, NULL, 'VJ007', 2, '2024-04-03 10:20:00', '2024-04-03 12:30:00', '1', 20, 943000.00, 'NN098', 1),
(545478, NULL, 'QH003', 1, '2024-03-04 04:40:00', '2024-03-04 06:15:00', '1', 20, 2780627.15, 'PSQ786', 3),
(546422, NULL, 'VJ007', 2, '2024-03-03 08:10:00', '2024-03-03 10:20:00', '1', 20, 800000.00, 'NQ198', 1),
(546543, NULL, 'VJ007', 1, '2024-03-03 07:10:00', '2024-03-03 08:40:00', '1', 20, 1578000.50, 'SU098', 1),
(546678, NULL, 'VJ006', 1, '2024-03-02 09:10:00', '2024-03-02 10:30:00', '1', 20, 2978901.00, 'DDA002', 2),
(547678, NULL, 'VN001', 2, '2024-04-03 12:00:00', '2024-04-03 14:10:00', '1', 20, 1600000.00, 'GA226', 2),
(554112, NULL, 'VJ002', 1, '2024-03-04 05:10:00', '2024-03-04 06:45:00', '1', 20, 1957300.25, 'SIL668', 3),
(564642, NULL, 'VN005', 1, '2024-03-05 10:05:00', '2024-03-05 11:25:00', '1', 20, 2000000.00, 'NDA653', 2),
(568945, NULL, 'VJ006', 1, '2024-03-02 09:00:00', '2024-03-02 10:30:00', '1', 20, 2557050.00, 'HAL653', 1),
(576854, NULL, 'VJ002', 1, '2024-03-02 01:20:00', '2024-03-02 02:50:00', '1', 20, 2845678.00, 'DD003', 1),
(645769, NULL, 'QH003', 1, '2024-03-03 17:00:00', '2024-03-03 18:10:00', '1', 20, 1274000.00, 'BWL697', 1),
(652324, NULL, 'QH003', 1, '2024-03-04 02:40:00', '2024-03-04 04:00:00', '1', 20, 1534800.00, 'HAD486', 2),
(653123, NULL, 'VJ002', 2, '2024-04-02 04:10:00', '2024-04-02 05:10:00', '1', 20, 1100000.00, 'SDX098', 1),
(654112, NULL, 'VN006', 1, '2024-03-05 10:05:00', '2024-03-05 12:05:00', '1', 20, 2000000.00, 'SPH626', 2),
(654231, NULL, 'VN006', 2, '2024-04-05 10:05:00', '2024-04-05 12:15:00', '1', 20, 2000000.00, 'HQB216', 2),
(654413, NULL, 'QH003', 2, '2024-04-05 00:20:00', '2024-04-05 01:20:00', '1', 20, 2100000.00, 'DSQ486', 3),
(654446, NULL, 'VJ002', 1, '2024-03-05 04:10:00', '2024-03-05 06:20:00', '1', 20, 1267890.00, 'NGS498', 1),
(654522, NULL, 'VN001', 1, '2024-03-05 10:05:00', '2024-03-05 12:15:00', '1', 20, 1700000.00, 'NGS658', 2),
(654562, NULL, 'VN006', 2, '2024-04-02 10:05:00', '2024-04-02 11:05:00', '1', 20, 2000000.00, 'SDX226', 2),
(654593, NULL, 'VJ002', 2, '2024-03-03 18:35:00', '2024-03-03 20:45:00', '1', 20, 1300000.00, 'NQ516', 2),
(654654, NULL, 'VJ002', 1, '2024-03-05 04:10:00', '2024-03-05 06:10:00', '1', 20, 1500000.00, 'SPH538', 1),
(654672, NULL, 'VN005', 2, '2024-04-05 10:05:00', '2024-04-05 11:05:00', '1', 20, 1500000.00, 'DSQ226', 2),
(654744, NULL, 'VJ002', 1, '2024-03-03 09:00:00', '2024-03-03 10:35:00', '1', 20, 2000000.00, 'TD002', 3),
(654785, NULL, 'QH008', 1, '2024-03-03 16:00:00', '2024-03-03 17:35:00', '1', 20, 1800000.00, 'TD001', 3),
(657678, NULL, 'QH007', 1, '2024-03-02 10:50:00', '2024-03-02 12:20:00', '1', 20, 1905000.00, 'AL486', 2),
(657897, NULL, 'VJ007', 1, '2024-03-04 16:00:00', '2024-03-04 17:30:00', '1', 20, 1428124.75, 'SIL235', 2),
(659875, NULL, 'QH008', 1, '2024-03-02 14:20:00', '2024-03-02 15:40:00', '1', 20, 2639400.00, 'HAL245', 3),
(761232, NULL, 'VJ007', 2, '2024-04-02 06:05:00', '2024-04-02 07:05:00', '1', 20, 930000.00, 'SDX002', 1),
(763421, NULL, 'QH008', 2, '2024-04-05 04:30:00', '2024-04-05 05:30:00', '1', 20, 1630000.00, 'DSQ001', 2),
(764311, NULL, 'QH003', 2, '2024-04-05 00:20:00', '2024-04-05 02:30:00', '1', 20, 2500000.00, 'HQB586', 3),
(765231, NULL, 'VJ006', 2, '2024-03-03 12:15:00', '2024-03-03 14:25:00', '1', 20, 2100000.00, 'NQ602', 3),
(765431, NULL, 'QH003', 1, '2024-03-04 06:20:00', '2024-03-04 07:40:00', '1', 20, 1175840.00, 'HAD221', 1),
(765543, NULL, 'QH003', 1, '2024-03-05 00:20:00', '2024-03-05 02:30:00', '1', 20, 1534800.00, 'NGS486', 2),
(765756, NULL, 'VN001', 1, '2024-03-04 12:05:00', '2024-03-04 13:35:00', '1', 20, 1121937.60, 'SQC426', 2),
(768681, NULL, 'QH007', 2, '2024-04-02 04:30:00', '2024-04-02 05:30:00', '1', 20, 1800000.00, 'SDX001', 2),
(768971, NULL, 'VJ006', 2, '2024-04-05 06:05:00', '2024-04-05 07:05:00', '1', 20, 900000.00, 'DSQ002', 1),
(776654, NULL, 'VN001', 2, '2024-03-03 07:40:00', '2024-03-03 09:50:00', '1', 20, 1600000.00, 'NQ526', 2),
(785231, NULL, 'QH003', 1, '2024-03-05 00:20:00', '2024-03-05 02:20:00', '1', 20, 2500000.00, 'SPH486', 3),
(876556, NULL, 'VJ006', 1, '2024-03-04 06:00:00', '2024-03-04 07:30:00', '1', 20, 901967.40, 'SQC431', 1),
(876565, NULL, 'QH008', 1, '2024-03-02 08:50:00', '2024-03-02 10:20:00', '1', 20, 1765376.55, 'PSQ201', 2),
(876713, NULL, 'VJ007', 1, '2024-03-05 06:05:00', '2024-03-05 07:25:00', '1', 20, 2300000.00, 'DAD096', 2),
(978765, NULL, 'QH007', 1, '2024-03-03 01:20:00', '2024-03-03 02:55:00', '1', 20, 1500000.00, 'TD486', 2),
(980655, NULL, 'QH008', 1, '2024-03-03 09:00:00', '2024-03-03 10:10:00', '1', 20, 1905000.00, 'BWL874', 2),
(989761, NULL, 'QH007', 2, '2024-03-03 19:40:00', '2024-03-03 21:50:00', '1', 20, 2400000.00, 'NQ331', 3),
(998654, NULL, 'VN001', 1, '2024-03-02 15:40:00', '2024-03-02 17:00:00', '1', 20, 3745678.00, 'DDA003', 3),
(2564874, NULL, 'VN001', 1, '2024-03-02 04:00:00', '2024-03-02 05:30:00', '1', 20, 1318000.00, 'HAL125', 1);

-- --------------------------------------------------------

--
-- Table structure for table `chuyenbayve`
--

CREATE TABLE `chuyenbayve` (
  `ID_ChuyenBayVe` int(11) NOT NULL,
  `ID_CHK` char(50) DEFAULT NULL,
  `SoHieu` varchar(50) DEFAULT NULL,
  `ID_LoaiBay` int(11) DEFAULT NULL,
  `ThoiGianDi` datetime DEFAULT NULL,
  `ThoiGianDen` datetime DEFAULT NULL,
  `TrangThai` varchar(100) NOT NULL,
  `SoLuongVe` int(11) DEFAULT NULL,
  `GiaVe` decimal(10,2) DEFAULT NULL,
  `ID_MaTuyen` varchar(50) DEFAULT NULL,
  `ID_LoaiVe` int(11) DEFAULT NULL
) ENGINE=InnoDB DEFAULT CHARSET=utf8 COLLATE=utf8_general_ci;

--
-- Dumping data for table `chuyenbayve`
--

INSERT INTO `chuyenbayve` (`ID_ChuyenBayVe`, `ID_CHK`, `SoHieu`, `ID_LoaiBay`, `ThoiGianDi`, `ThoiGianDen`, `TrangThai`, `SoLuongVe`, `GiaVe`, `ID_MaTuyen`, `ID_LoaiVe`) VALUES
(1546, NULL, 'VJ007', 2, '2024-03-01 10:00:00', '2024-03-01 11:30:00', '1', 20, 832800.00, 'XB101', 1),
(2323, NULL, 'VJ007', 2, '2024-05-01 00:20:00', '2024-01-05 01:50:00', '1', 20, 1534800.00, 'BA005', 2),
(5478, NULL, 'VJ006', 2, '2024-03-01 09:00:00', '2024-03-01 10:30:00', '1', 20, 1520760.00, 'SQ120', 1),
(6985, NULL, 'VJ007', 2, '2024-03-01 12:00:00', '2024-03-01 13:30:00', '1', 20, 1605000.00, 'SQ123', 1),
(12324, NULL, 'VJ007', 2, '2024-04-01 05:00:00', '2024-04-01 06:20:00', '1', 20, 2398000.00, 'SHN216', 2),
(12356, NULL, 'QH008', 2, '2024-03-04 14:25:00', '2024-03-04 15:55:00', '1', 20, 1327229.25, 'SGP876', 1),
(13256, NULL, 'VJ002', 2, '2024-03-04 12:00:00', '2024-03-04 13:30:00', '1', 20, 1605000.00, 'GP542', 2),
(15633, NULL, 'QH008', 1, '2024-03-01 00:20:00', '2024-03-01 01:50:00', '1', 20, 1534800.00, 'ND001', 1),
(15647, NULL, 'VJ007', 1, '2024-03-01 01:50:00', '2024-03-01 03:20:00', '1', 20, 2769000.00, 'SA002', 3),
(15986, NULL, 'VJ006', 1, '2024-03-01 05:00:00', '2024-03-01 06:40:00', '1', 20, 1303000.00, 'ND003', 1),
(17894, NULL, 'QH003', 2, '2024-05-01 02:00:00', '2024-05-01 03:30:00', '1', 20, 2139000.00, 'HD001', 1),
(17895, NULL, 'VJ007', 2, '2024-03-01 05:00:00', '2024-03-01 06:30:00', '1', 20, 832800.00, 'XB100', 1),
(17896, NULL, 'VJ007', 2, '2024-05-01 05:00:00', '2024-05-01 06:20:00', '1', 20, 2769000.00, 'SS202', 1),
(22267, NULL, 'QH007', 2, '2024-05-01 06:00:00', '2024-05-01 07:30:00', '1', 20, 2139000.00, 'SSQ001', 1),
(22434, NULL, 'QH008', 2, '2024-03-03 10:20:00', '2024-03-03 11:50:00', '1', 20, 1600000.00, 'DNA486', 1),
(23131, NULL, 'QH007', 2, '2024-05-01 05:00:00', '2024-05-01 06:40:00', '1', 20, 1303000.00, 'BA106', 1),
(23132, NULL, 'VJ007', 2, '2024-05-01 07:00:00', '2024-05-01 08:30:00', '1', 20, 3268000.00, 'BA101', 3),
(23154, NULL, 'VJ007', 2, '2024-05-01 04:00:00', '2024-05-01 05:30:00', '1', 20, 1175840.00, 'BA122', 1),
(23178, NULL, 'VJ002', 2, '2024-05-01 14:30:00', '2024-05-01 15:50:00', '1', 20, 832000.00, 'BA100', 2),
(23243, NULL, 'VJ006', 2, '2024-05-01 15:30:00', '2024-05-01 16:45:00', '1', 20, 1445100.00, 'BA112', 1),
(23251, NULL, 'VJ002', 2, '2024-05-01 14:20:00', '2024-05-01 15:30:00', '1', 20, 1530000.00, 'BA002', 2),
(23313, NULL, 'VN001', 2, '2024-05-01 09:00:00', '2024-05-01 10:30:00', '1', 20, 1905000.00, 'BA126', 1),
(23331, NULL, 'VJ007', 2, '2024-05-01 17:00:00', '2024-05-01 18:30:00', '1', 20, 1274000.00, 'BA113', 1),
(23551, NULL, 'VJ002', 2, '2024-05-01 07:00:00', '2024-05-01 08:40:00', '1', 20, 2028000.00, 'HD003', 1),
(25146, NULL, 'VN006', 2, '2024-05-01 08:00:00', '2024-05-01 09:20:00', '1', 20, 1905000.00, 'BA114', 1),
(25321, NULL, 'VN005', 2, '2024-05-01 15:00:00', '2024-05-01 16:30:00', '1', 20, 1905000.00, 'BA125', 1),
(25343, NULL, 'VN001', 2, '2024-05-01 14:20:00', '2024-05-01 15:40:00', '1', 20, 1470000.00, 'BA004', 3),
(25789, NULL, 'VN005', 1, '2024-03-01 05:30:00', '2024-03-01 07:00:00', '1', 20, 3268000.00, 'SA004', 3),
(27665, NULL, 'VJ002', 2, '2024-05-01 19:00:00', '2024-02-05 20:10:00', '1', 20, 1534000.00, 'BA006', 2),
(29786, NULL, 'VJ002', 2, '2024-05-01 13:00:00', '2024-05-01 14:25:00', '1', 20, 2658000.00, 'YQ202', 1),
(31234, NULL, 'VN006', 2, '2024-05-01 10:00:00', '2024-05-01 11:30:00', '1', 20, 1905000.00, 'BA116', 1),
(32134, NULL, 'VN006', 2, '2024-03-03 13:25:00', '2024-03-03 14:55:00', '1', 20, 1991000.00, 'SHU557', 2),
(32144, NULL, 'VN005', 2, '2024-03-04 04:55:00', '2024-03-04 06:25:00', '1', 20, 1200358.25, 'SDI765', 1),
(32312, NULL, 'VJ006', 2, '2024-05-01 17:00:00', '2024-05-01 18:20:00', '1', 20, 2949000.00, 'BA110', 2),
(32315, NULL, 'QH008', 2, '2024-03-03 10:25:00', '2024-03-03 11:55:00', '1', 20, 2048000.00, 'SHU486', 2),
(32321, NULL, 'VN001', 2, '2024-05-01 03:00:00', '2024-05-01 04:30:00', '1', 20, 4348000.00, 'BA124', 3),
(32324, NULL, 'VJ002', 2, '2024-05-01 09:00:00', '2024-01-05 10:30:00', '1', 20, 1534000.00, 'BA003', 2),
(32413, NULL, 'VN001', 2, '2024-04-03 13:25:00', '2024-04-03 14:55:00', '1', 20, 2187000.00, 'DAQ236', 3),
(32512, NULL, 'VN006', 2, '2024-04-03 02:45:00', '2024-04-03 04:15:00', '1', 20, 2215000.00, 'DAQ226', 3),
(32515, NULL, 'VN001', 2, '2024-05-01 07:00:00', '2024-05-01 08:20:00', '1', 20, 2102000.00, 'HD002', 1),
(32567, NULL, 'VN006', 2, '2024-03-03 06:20:00', '2024-03-03 07:40:00', '1', 20, 1800000.00, 'DNA554', 2),
(33112, NULL, 'QH008', 2, '2024-05-01 13:00:00', '2024-05-01 14:40:00', '1', 20, 1519000.00, 'BA107', 1),
(33311, NULL, 'VJ006', 2, '2024-05-01 12:00:00', '2024-05-01 13:20:00', '1', 20, 1278000.00, 'BA123', 1),
(33312, NULL, 'VJ006', 2, '2024-05-01 21:00:00', '2024-05-01 22:30:00', '1', 20, 1178400.00, 'BA120', 1),
(33367, NULL, 'VJ002', 1, '2024-03-01 05:00:00', '2024-03-01 06:20:00', '1', 20, 2769000.00, 'ND002', 3),
(35465, NULL, 'QH003', 2, '2024-04-03 10:25:00', '2024-04-03 11:55:00', '1', 20, 1832580.00, 'DAQ486', 2),
(35468, NULL, 'QH003', 2, '2024-04-01 06:25:00', '2024-04-01 07:45:00', '1', 20, 1892000.00, 'SHU169', 2),
(41435, NULL, 'VJ007', 2, '2024-03-03 10:25:00', '2024-03-03 11:50:00', '1', 20, 2320000.00, 'SHU898', 3),
(43234, NULL, 'QH007', 2, '2024-04-01 05:00:00', '2024-04-01 06:40:00', '1', 20, 1590000.00, 'SHN268', 1),
(43242, NULL, 'VN001', 2, '2024-03-04 00:20:00', '2024-03-04 01:50:00', '1', 20, 1534800.00, 'GP123', 2),
(43243, NULL, 'VJ007', 2, '2024-03-02 09:00:00', '2024-03-02 10:30:00', '1', 20, 1887000.00, 'SHN003', 2),
(43245, NULL, 'QH008', 2, '2024-03-04 14:30:00', '2024-03-04 16:00:00', '1', 20, 1749235.75, 'SDA121', 1),
(43432, NULL, 'VN005', 2, '2024-03-04 02:30:00', '2024-03-04 04:00:00', '1', 20, 1275489.50, 'SDA226', 1),
(43454, NULL, 'VJ006', 2, '2024-03-02 00:20:00', '2024-03-02 01:50:00', '1', 20, 1680000.00, 'SHN002', 2),
(43512, NULL, 'VJ007', 2, '2024-04-03 11:25:00', '2024-04-03 12:55:00', '1', 20, 1885200.00, 'DAQ098', 2),
(43546, NULL, 'VJ007', 2, '2024-03-03 11:20:00', '2024-03-03 12:50:00', '1', 20, 1800000.00, 'DNA098', 2),
(44411, NULL, 'VJ007', 2, '2024-05-01 17:00:00', '2024-01-05 18:20:00', '1', 20, 1534800.00, 'BA007', 2),
(44895, NULL, 'VJ007', 2, '2024-05-01 11:00:00', '2024-05-01 12:20:00', '1', 20, 2102000.00, 'SSQ002', 1),
(45321, NULL, 'VN001', 2, '2024-03-03 01:45:00', '2024-03-03 03:15:00', '1', 20, 1734000.00, 'SHU226', 2),
(46564, NULL, 'VJ006', 2, '2024-04-01 06:00:00', '2024-04-01 07:30:00', '1', 20, 2470000.00, 'SHN975', 3),
(47846, NULL, 'VJ006', 2, '2024-05-01 12:00:00', '2024-05-01 13:30:00', '1', 20, 2658000.00, 'SS200', 1),
(47856, NULL, 'VJ002', 2, '2024-05-01 09:00:00', '2024-05-01 10:40:00', '1', 20, 2028000.00, 'HSQ003', 1),
(47895, NULL, 'VJ007', 2, '2024-05-01 18:00:00', '2024-05-01 19:30:00', '1', 20, 3046800.00, 'SS201', 1),
(48486, NULL, 'QH007', 2, '2024-05-01 04:00:00', '2024-05-01 05:30:00', '1', 20, 2139000.00, 'HSQ001', 1),
(52354, NULL, 'QH003', 2, '2024-03-02 10:00:00', '2024-03-02 11:30:00', '1', 20, 1325000.00, 'SHN001', 1),
(53411, NULL, 'VN006', 2, '2024-04-05 10:05:00', '2024-04-05 11:05:00', '1', 20, 2000000.00, 'SN226', 3),
(53566, NULL, 'VJ002', 2, '2024-05-01 16:30:00', '2024-05-01 17:50:00', '1', 20, 2135000.00, 'DH003', 1),
(54235, NULL, 'VJ002', 2, '2024-04-05 04:10:00', '2024-04-05 05:10:00', '1', 20, 700000.00, 'SN098', 1),
(54344, NULL, 'VJ007', 2, '2024-03-04 14:35:00', '2024-03-04 16:45:00', '1', 20, 1897210.50, 'SDI553', 2),
(54345, NULL, 'QH003', 2, '2024-03-04 10:10:00', '2024-03-04 11:40:00', '1', 20, 2120862.25, 'SDA446', 2),
(54354, NULL, 'VJ007', 2, '2024-03-04 12:10:00', '2024-03-04 14:20:00', '1', 20, 1987634.75, 'SDA448', 2),
(54363, NULL, 'VJ007', 2, '2024-05-01 14:00:00', '2024-05-01 15:30:00', '1', 20, 1178400.00, 'BA121', 1),
(54366, NULL, 'VN005', 2, '2024-03-03 01:40:00', '2024-03-03 03:10:00', '1', 20, 2234567.89, 'DNA226', 3),
(54367, NULL, 'VJ007', 2, '2024-04-04 13:35:00', '2024-04-04 15:45:00', '1', 20, 2718321.50, 'NDG024', 3),
(54436, NULL, 'QH003', 2, '2024-03-03 01:40:00', '2024-03-03 03:10:00', '1', 20, 2234567.89, 'DNA231', 2),
(54533, NULL, 'VJ002', 2, '2024-05-01 04:00:00', '2024-05-01 05:20:00', '1', 20, 1113700.00, 'BA111', 1),
(54646, NULL, 'VN001', 2, '2024-03-02 12:00:00', '2024-03-02 13:30:00', '1', 20, 1615000.00, 'SHN004', 1),
(54789, NULL, 'VN005', 2, '2024-03-01 12:00:00', '2024-03-01 13:30:00', '1', 20, 1184000.00, 'XB103', 1),
(55552, NULL, 'QH003', 2, '2024-05-01 09:00:00', '2024-05-01 10:30:00', '1', 20, 2778000.00, 'DH001', 2),
(55567, NULL, 'VJ002', 2, '2024-03-01 19:00:00', '2024-03-01 20:20:00', '1', 20, 1178400.00, 'SP112', 1),
(55778, NULL, 'VN006', 1, '2024-03-01 07:00:00', '2024-03-01 08:30:00', '1', 20, 3268000.00, 'ND004', 2),
(57445, NULL, 'QH008', 2, '2024-03-01 20:00:00', '2024-03-01 21:30:00', '1', 20, 1184000.00, 'VQ109', 1),
(57812, NULL, 'VJ002', 2, '2024-04-04 09:45:00', '2024-04-04 11:05:00', '1', 20, 2276550.75, 'NDG865', 2),
(57846, NULL, 'VN005', 2, '2024-05-01 15:00:00', '2024-01-05 16:40:00', '1', 20, 832000.00, 'BA105', 1),
(58879, NULL, 'VN001', 2, '2024-03-01 17:00:00', '2024-03-01 18:20:00', '1', 20, 1605000.00, 'SQ124', 1),
(58963, NULL, 'VJ006', 2, '2024-03-01 07:00:00', '2024-03-01 08:30:00', '1', 20, 832800.00, 'VQ100', 1),
(59769, NULL, 'VJ002', 2, '2024-05-01 21:00:00', '2024-01-11 22:20:00', '1', 20, 3067000.00, 'YQ200', 1),
(59878, NULL, 'VJ006', 1, '2024-03-01 03:20:00', '2024-03-01 04:50:00', '1', 20, 1303000.00, 'SA003', 1),
(65443, NULL, 'VN006', 2, '2024-05-01 16:00:00', '2024-01-05 17:30:00', '1', 20, 1905000.00, 'BA117', 1),
(65445, NULL, 'QH008', 2, '2024-04-05 04:30:00', '2024-04-05 05:30:00', '1', 20, 1200000.00, 'SN001', 1),
(65456, NULL, 'QH007', 2, '2024-05-01 06:00:00', '2024-05-01 07:20:00', '1', 20, 1470000.00, 'BA001', 2),
(65464, NULL, 'QH003', 2, '2024-04-05 00:20:00', '2024-04-05 01:20:00', '1', 20, 2500000.00, 'SN486', 4),
(65478, NULL, 'VJ007', 2, '2024-03-04 13:25:00', '2024-03-04 14:55:00', '1', 20, 2398000.00, 'SGP432', 2),
(65646, NULL, 'VJ007', 2, '2024-03-04 10:00:00', '2024-03-04 11:30:00', '1', 20, 832800.00, 'GP098', 1),
(65722, NULL, 'VJ002', 2, '2024-03-03 13:20:00', '2024-03-03 14:50:00', '1', 20, 2400000.00, 'DNA332', 2),
(65745, NULL, 'QH007', 2, '2024-04-03 06:25:00', '2024-04-03 07:45:00', '1', 20, 2130150.00, 'DAQ636', 3),
(65754, NULL, 'VJ002', 2, '2024-03-04 05:35:00', '2024-03-04 07:05:00', '1', 20, 2495246.00, 'SGP778', 2),
(65788, NULL, 'VN006', 2, '2024-05-01 18:20:00', '2024-01-05 20:00:00', '1', 20, 2459000.00, 'BA104', 2),
(65890, NULL, 'VJ002', 2, '2024-05-01 13:00:00', '2024-05-01 14:30:00', '1', 20, 1123380.00, 'BA102', 1),
(66657, NULL, 'QH003', 1, '2024-03-01 00:20:00', '2024-03-01 01:50:00', '1', 20, 1534800.00, 'SA001', 1),
(66895, NULL, 'VJ007', 2, '2024-03-01 15:00:00', '2024-03-01 16:30:00', '1', 20, 832000.00, 'VQ102', 1),
(68923, NULL, 'VJ007', 2, '2024-03-01 14:00:00', '2024-03-01 15:30:00', '1', 20, 832800.00, 'XB102', 1),
(76544, NULL, 'VN005', 2, '2024-03-04 03:45:00', '2024-03-04 05:15:00', '1', 20, 1025154.25, 'SGP541', 1),
(76545, NULL, 'QH007', 2, '2024-03-04 09:00:00', '2024-03-04 10:30:00', '1', 20, 1520760.00, 'GP443', 2),
(76553, NULL, 'QH003', 2, '2024-03-04 12:35:00', '2024-03-04 14:05:00', '1', 20, 1687541.75, 'SDI987', 2),
(77876, NULL, 'QH007', 2, '2024-05-01 19:20:00', '2024-05-01 21:00:00', '1', 20, 2431000.00, 'BA108', 3),
(78422, NULL, 'QH003', 2, '2024-03-01 17:00:00', '2024-03-01 18:20:00', '1', 20, 1519000.00, 'XB107', 1),
(78456, NULL, 'VJ006', 2, '2024-05-01 15:00:00', '2024-05-01 17:40:00', '1', 20, 2028000.00, 'SSQ003', 1),
(78957, NULL, 'VJ007', 2, '2024-05-01 10:00:00', '2024-05-01 11:20:00', '1', 20, 3067800.00, 'YQ201', 1),
(84846, NULL, 'VJ007', 2, '2024-05-01 09:00:00', '2024-05-01 10:20:00', '1', 20, 2102000.00, 'HSQ002', 1),
(85433, NULL, 'QH007', 2, '2024-03-04 17:05:00', '2024-03-04 18:35:00', '1', 20, 857481.50, 'SDI876', 1),
(87462, NULL, 'VN005', 2, '2024-03-01 10:00:00', '2024-03-01 11:20:00', '1', 20, 1184000.00, 'XB105', 1),
(87546, NULL, 'VJ006', 2, '2024-03-04 08:20:00', '2024-03-04 09:40:00', '1', 20, 2497110.25, 'SDA542', 3),
(87556, NULL, 'QH008', 2, '2024-03-01 15:00:00', '2024-03-01 16:20:00', '1', 20, 1245000.00, 'SP109', 1),
(87654, NULL, 'QH007', 2, '2024-04-04 16:05:00', '2024-04-04 17:35:00', '1', 20, 1193925.50, 'NDG231', 1),
(87656, NULL, 'VJ006', 2, '2024-04-05 06:05:00', '2024-04-05 07:05:00', '1', 20, 2300000.00, 'SN002', 4),
(87665, NULL, 'VN005', 2, '2024-04-04 03:55:00', '2024-04-04 05:25:00', '1', 20, 1639270.25, 'NDG221', 1),
(87675, NULL, 'VN006', 2, '2024-03-04 11:15:00', '2024-03-04 12:45:00', '1', 20, 1154952.75, 'SGP153', 1),
(87865, NULL, 'QH007', 2, '2024-05-01 09:00:00', '2024-05-01 10:40:00', '1', 20, 2636000.00, 'BA109', 3),
(87976, NULL, 'VJ007', 2, '2024-05-01 06:00:00', '2024-05-01 07:30:00', '1', 20, 1634920.00, 'DH002', 1),
(88765, NULL, 'VN001', 2, '2024-05-01 05:00:00', '2024-01-05 06:40:00', '1', 20, 1400000.00, 'BA103', 1),
(89766, NULL, 'VJ002', 2, '2024-04-01 05:00:00', '2024-04-01 06:40:00', '1', 20, 1590000.00, 'SHN336', 1),
(89978, NULL, 'VJ007', 2, '2024-03-01 11:00:00', '2024-03-01 12:20:00', '1', 20, 1113600.00, 'SP110', 1),
(90879, NULL, 'VN005', 2, '2024-05-01 21:00:00', '2024-01-05 22:30:00', '1', 20, 1905000.00, 'BA115', 1),
(92381, NULL, 'VJ002', 2, '2024-03-04 10:45:00', '2024-03-04 12:05:00', '1', 20, 1893075.75, 'SDI054', 3),
(95876, NULL, 'VN001', 2, '2024-03-01 12:00:00', '2024-03-01 13:30:00', '1', 20, 1184000.00, 'VQ104', 1),
(97665, NULL, 'VJ006', 2, '2024-04-04 11:35:00', '2024-04-04 13:05:00', '1', 20, 1934501.75, 'NDG455', 2),
(98765, NULL, 'QH007', 2, '2024-04-01 08:00:00', '2024-04-01 09:20:00', '1', 20, 1800000.00, 'GDS005', 1),
(98766, NULL, 'VJ007', 2, '2024-04-01 10:00:00', '2024-04-01 11:20:00', '1', 20, 1500000.00, 'GDS006', 1),
(98767, NULL, 'VJ002', 2, '2024-04-01 12:30:00', '2024-04-01 13:50:00', '1', 20, 2200000.00, 'GDS007', 2),
(98768, NULL, 'VN001', 2, '2024-04-01 14:30:00', '2024-04-01 15:50:00', '1', 20, 1900000.00, 'GDS008', 1),
(98769, NULL, 'QH003', 2, '2024-03-02 08:00:00', '2024-03-02 09:20:00', '1', 20, 2100000.00, 'GDS157', 2),
(98770, NULL, 'VJ002', 2, '2024-03-02 10:00:00', '2024-03-02 11:20:00', '1', 20, 1800000.00, 'GDS706', 1),
(98771, NULL, 'VJ006', 2, '2024-03-02 12:30:00', '2024-03-02 13:50:00', '1', 20, 1600000.00, 'GDS555', 1),
(98772, NULL, 'VN005', 2, '2024-03-02 14:30:00', '2024-03-02 15:50:00', '1', 20, 1300000.00, 'GDS478', 1),
(123124, NULL, 'VJ006', 2, '2024-03-04 02:30:00', '2024-03-04 03:00:00', '1', 20, 1200358.25, 'DHI411', 1),
(123543, NULL, 'QH008', 2, '2024-04-05 04:30:00', '2024-04-05 05:55:00', '1', 20, 1800000.00, 'NDN021', 2),
(132155, NULL, 'QH003', 2, '2024-04-04 10:15:00', '2024-04-04 11:45:00', '1', 20, 1154952.75, 'HSL654', 1),
(153568, NULL, 'QH003', 2, '2024-03-01 08:00:00', '2024-03-01 09:20:00', '1', 20, 1800000.00, 'SSQ234', 1),
(162324, NULL, 'QH003', 2, '2024-04-02 10:00:00', '2024-04-02 11:30:00', '1', 20, 832800.00, 'SNN001', 1),
(253534, NULL, 'VN005', 2, '2024-04-03 03:15:00', '2024-04-03 04:45:00', '1', 20, 1734000.00, 'USH226', 2),
(323578, NULL, 'VJ007', 2, '2024-04-02 00:20:00', '2024-04-02 01:50:00', '1', 20, 1534800.00, 'SNN002', 2),
(325234, NULL, 'VN001', 2, '2024-04-05 10:05:00', '2024-04-05 11:30:00', '1', 20, 2000000.00, 'NDN226', 2),
(342311, NULL, 'VJ007', 1, '2024-04-04 02:15:00', '2024-04-04 03:45:00', '1', 20, 2340983.75, 'HSL125', 3),
(342354, NULL, 'VJ002', 2, '2024-04-01 00:20:00', '2024-04-01 01:50:00', '1', 20, 1587000.00, 'SHQ003', 1),
(345363, NULL, 'VN006', 2, '2024-04-04 00:45:00', '2024-04-04 02:15:00', '1', 20, 1025154.25, 'HSL432', 1),
(345377, NULL, 'VN001', 2, '2024-04-04 18:05:00', '2024-04-04 19:35:00', '1', 20, 857481.50, 'DLQ765', 1),
(345463, NULL, 'VJ007', 2, '2024-03-02 00:20:00', '2024-03-02 01:50:00', '1', 20, 1680000.00, 'SQN002', 2),
(432343, NULL, 'VN006', 2, '2024-04-01 01:50:00', '2024-04-01 03:20:00', '1', 20, 2925000.00, 'SHQ004', 3),
(432435, NULL, 'VJ007', 2, '2024-04-02 02:00:00', '2024-04-02 03:30:00', '1', 20, 2725000.00, 'SHQ187', 3),
(432436, NULL, 'VJ006', 2, '2024-03-02 09:00:00', '2024-03-02 10:30:00', '1', 20, 1887000.00, 'SQN003', 2),
(432566, NULL, 'VJ002', 2, '2024-04-01 06:00:00', '2024-04-01 07:30:00', '1', 20, 2470000.00, 'SHN784', 3),
(432667, NULL, 'VJ002', 2, '2024-04-04 11:45:00', '2024-04-04 12:05:00', '1', 20, 1893075.75, 'DLQ654', 2),
(434234, NULL, 'VN001', 2, '2024-04-02 05:00:00', '2024-04-02 06:30:00', '1', 20, 1440000.00, 'SHQ459', 1),
(434315, NULL, 'QH003', 2, '2024-03-02 10:00:00', '2024-03-02 11:30:00', '1', 20, 1325000.00, 'SQN001', 1),
(435221, NULL, 'VJ007', 2, '2024-04-03 11:50:00', '2024-04-03 13:15:00', '1', 20, 2320000.00, 'USH098', 3),
(543127, NULL, 'VJ002', 2, '2024-04-04 07:35:00', '2024-04-04 09:05:00', '1', 20, 2495246.00, 'PGQ646', 3),
(543433, NULL, 'VJ007', 2, '2024-03-04 14:10:00', '2024-03-04 15:20:00', '1', 20, 1897210.50, 'DHI441', 3),
(545454, NULL, 'VJ007', 2, '2024-04-04 15:35:00', '2024-04-04 16:45:00', '1', 20, 1897210.50, 'DLQ444', 2),
(564674, NULL, 'QH003', 2, '2024-04-05 00:20:00', '2024-04-05 01:45:00', '1', 20, 2500000.00, 'NDN486', 3),
(645354, NULL, 'VJ002', 2, '2024-04-05 04:10:00', '2024-04-05 05:35:00', '1', 20, 1500000.00, 'NDN438', 1),
(645788, NULL, 'VN001', 2, '2024-04-04 13:25:00', '2024-04-04 14:55:00', '1', 20, 1327229.25, 'HSL421', 1),
(654566, NULL, 'VJ007', 2, '2024-04-04 11:25:00', '2024-04-04 12:55:00', '1', 20, 2398000.00, 'HSL444', 3),
(654577, NULL, 'VJ007', 2, '2024-04-04 15:25:00', '2024-04-04 16:55:00', '1', 20, 2398000.00, 'PGQ321', 3),
(654665, NULL, 'VN005', 2, '2024-03-04 02:30:00', '2024-03-04 03:00:00', '1', 20, 1200358.25, 'DHI876', 2),
(657554, NULL, 'QH007', 2, '2024-04-03 11:55:00', '2024-04-03 13:20:00', '1', 20, 2048000.00, 'USH486', 2),
(657562, NULL, 'VN001', 2, '2024-04-03 15:25:00', '2024-04-03 16:50:00', '1', 20, 1991000.00, 'USH116', 2),
(659787, NULL, 'VJ002', 2, '2024-04-02 09:00:00', '2024-04-02 10:30:00', '1', 20, 1520760.00, 'SNN003', 2),
(687699, NULL, 'VN006', 2, '2024-04-04 05:45:00', '2024-04-04 07:15:00', '1', 20, 1025154.25, 'PGQ412', 1),
(765331, NULL, 'QH008', 2, '2024-04-04 13:15:00', '2024-04-04 14:45:00', '1', 20, 1154952.75, 'PGQ432', 1),
(765645, NULL, 'VN001', 1, '2024-04-04 00:45:00', '2024-04-04 02:15:00', '1', 20, 1637563.00, 'HSL656', 2),
(765655, NULL, 'VN005', 2, '2024-04-04 05:55:00', '2024-04-04 06:25:00', '1', 20, 1200358.25, 'DLQ231', 1),
(766577, NULL, 'QH003', 2, '2024-03-04 12:10:00', '2024-03-04 12:40:00', '1', 20, 1687541.75, 'DHI654', 2),
(832123, NULL, 'QH003', 2, '2024-04-04 16:25:00', '2024-04-04 17:55:00', '1', 20, 1327229.25, 'PGQ554', 1),
(876555, NULL, 'QH007', 2, '2024-04-04 13:35:00', '2024-04-04 14:05:00', '1', 20, 1687541.75, 'DLQ465', 2),
(876676, NULL, 'QH007', 2, '2024-03-04 16:40:00', '2024-03-04 18:10:00', '1', 20, 857481.50, 'DHI432', 1),
(876756, NULL, 'VJ007', 2, '2024-04-05 06:05:00', '2024-04-05 07:30:00', '1', 20, 2300000.00, 'NDN122', 3),
(876998, NULL, 'QH008', 2, '2024-04-04 04:35:00', '2024-04-04 06:05:00', '1', 20, 2495246.00, 'HSL776', 3),
(976241, NULL, 'QH008', 2, '2024-04-01 07:45:00', '2024-04-01 09:05:00', '1', 20, 1892000.00, 'USH536', 2),
(987778, NULL, 'VJ002', 2, '2024-03-04 09:20:00', '2024-03-04 09:40:00', '1', 20, 1893075.75, 'DHI021', 3),
(5789566, NULL, 'VJ002', 2, '2024-03-01 10:00:00', '2024-03-01 11:20:00', '1', 20, 1500000.00, 'SSQ123', 1);

-- --------------------------------------------------------

--
-- Table structure for table `datve`
--

CREATE TABLE `datve` (
  `ID_DatVe` int(11) NOT NULL,
  `ID_MaTuyen` varchar(255) DEFAULT NULL,
  `ID_ThongTin` int(11) DEFAULT NULL,
  `DiaChi` varchar(255) DEFAULT NULL,
  `CCCD` varchar(50) DEFAULT NULL,
  `GhiChu` text DEFAULT NULL,
  `SoVeNguoiLon` int(11) DEFAULT NULL,
  `SoVeTreEm` int(11) DEFAULT NULL,
  `SoVeEmBe` int(11) DEFAULT NULL,
  `TrangThai` int(11) DEFAULT NULL
) ENGINE=InnoDB DEFAULT CHARSET=utf8 COLLATE=utf8_general_ci;

--
-- Dumping data for table `datve`
--

INSERT INTO `datve` (`ID_DatVe`, `ID_MaTuyen`, `ID_ThongTin`, `DiaChi`, `CCCD`, `GhiChu`, `SoVeNguoiLon`, `SoVeTreEm`, `SoVeEmBe`, `TrangThai`) VALUES
(8766, 'NGS226', 4690, 'dwqdqw', '0159489489', '', 1, 1, 0, NULL);

-- --------------------------------------------------------

--
-- Table structure for table `datvekhuhoi`
--

CREATE TABLE `datvekhuhoi` (
  `ID_DatVeKhuHoi` int(11) NOT NULL,
  `ID_MaTuyen` varchar(255) DEFAULT NULL,
  `ID_ThongTin` int(11) DEFAULT NULL,
  `DiaChi` varchar(255) DEFAULT NULL,
  `CCCD` varchar(50) DEFAULT NULL,
  `GhiChu` text DEFAULT NULL,
  `SoVeNguoiLon` int(11) DEFAULT NULL,
  `SoVeTreEm` int(11) DEFAULT NULL,
  `SoVeEmBe` int(11) DEFAULT NULL,
  `TrangThai` int(11) DEFAULT NULL
) ENGINE=InnoDB DEFAULT CHARSET=utf8 COLLATE=utf8_general_ci;

--
-- Dumping data for table `datvekhuhoi`
--

INSERT INTO `datvekhuhoi` (`ID_DatVeKhuHoi`, `ID_MaTuyen`, `ID_ThongTin`, `DiaChi`, `CCCD`, `GhiChu`, `SoVeNguoiLon`, `SoVeTreEm`, `SoVeEmBe`, `TrangThai`) VALUES
(20262, 'SHN268, NN098', 4688, 'dwqdqw', '0159489489', '', 2, 1, 0, NULL),
(20263, 'SHN336, NN098', 4689, 'dwqdqw', '0159489489', '', 1, 1, 0, NULL),
(20264, 'SHN268, NN098', 4691, 'dwqdqw', '0159489489', '', 2, 1, 0, NULL),
(20265, 'SHN268, NN098', 4692, 'dwqdqw', '0159489489', 'không có', 1, 1, 0, NULL);

-- --------------------------------------------------------

--
-- Table structure for table `dichvu`
--

CREATE TABLE `dichvu` (
  `ID_DichVu` int(11) NOT NULL,
  `TenDichVu` varchar(255) DEFAULT NULL,
  `MoTa` text DEFAULT NULL
) ENGINE=InnoDB DEFAULT CHARSET=utf8 COLLATE=utf8_general_ci;

--
-- Dumping data for table `dichvu`
--

INSERT INTO `dichvu` (`ID_DichVu`, `TenDichVu`, `MoTa`) VALUES
(1, 'Dịch vụ hàng hóa', 'Các hãng hàng không có thể cung cấp các dịch vụ hàng hóa như bán lẻ trên máy bay, bao gồm các sản phẩm như quần áo, mỹ phẩm, và quà lưu niệm.'),
(2, 'Dịch vụ hỗ trợ', 'Hãng hàng không cung cấp dịch vụ hỗ trợ như hỗ trợ cho người khuyết tật, dịch vụ trẻ em và hộ sinh, cũng như dịch vụ đặc biệt cho hành khách yêu cầu.'),
(3, 'Dịch vụ hàng không doanh nghiệp', 'Đối với hành khách hạng doanh nghiệp hoặc hạng hạng thương gia, các dịch vụ có thể bao gồm ghế ngồi rộng rãi hơn, thức ăn chất lượng cao và dịch vụ cá nhân.'),
(4, 'Giải trí trên chuyến bay', 'Các hãng hàng không thường cung cấp hệ thống giải trí trên chuyến bay, bao gồm màn hình cá nhân với các bộ phim, chương trình TV, âm nhạc và trò chơi. Một số hãng hàng không cung cấp cả kết nối Wi-Fi và dịch vụ truyền hình trực tiếp.'),
(5, 'Thủ tục và tiện ích sân bay', 'Ngoài các dịch vụ trên máy bay, các hãng hàng không cũng cung cấp các dịch vụ và tiện ích tại sân bay như phòng chờ hạng thương gia, dịch vụ gửi hành lý, và các dịch vụ khác.'),
(6, 'Bữa ăn và đồ uống', 'Hầu hết các hãng hàng không cung cấp bữa ăn và đồ uống miễn phí trong các chuyến bay dài hạng phổ thông hoặc hạng phổ thông cao cấp. Các món ăn và đồ uống có thể được phục vụ trên máy bay hoặc trước khi lên máy bay.'),
(7, 'Không chọn dịch vụ', 'Không');

-- --------------------------------------------------------

--
-- Table structure for table `huongdanvien`
--

CREATE TABLE `huongdanvien` (
  `ID_HuongDanVien` int(11) NOT NULL,
  `TenHuongDanVien` varchar(255) DEFAULT NULL,
  `SoDienThoai` varchar(20) DEFAULT NULL,
  `Email` varchar(100) DEFAULT NULL
) ENGINE=InnoDB DEFAULT CHARSET=utf8 COLLATE=utf8_general_ci;

--
-- Dumping data for table `huongdanvien`
--

INSERT INTO `huongdanvien` (`ID_HuongDanVien`, `TenHuongDanVien`, `SoDienThoai`, `Email`) VALUES
(1574, 'Nguyễn Văn A', '0568494851', 'nguyenvana14@gmail.com'),
(6784, 'Nguyễn Văn B', '07486489981', 'Bnguyenvan48@gmail.com');

-- --------------------------------------------------------

--
-- Table structure for table `khachhang`
--

CREATE TABLE `khachhang` (
  `ID_KhachHang` int(11) NOT NULL,
  `TenKhachHang` varchar(255) DEFAULT NULL,
  `SoDienThoai` varchar(20) DEFAULT NULL,
  `Email` varchar(100) DEFAULT NULL,
  `NgaySinh` date DEFAULT NULL,
  `GioiTinh` varchar(50) DEFAULT NULL,
  `DiaChi` varchar(255) DEFAULT NULL,
  `CCCD` varchar(255) DEFAULT NULL,
  `GhiChu` text DEFAULT NULL,
  `SoVeNguoiLon` int(11) DEFAULT NULL,
  `SoVeTreEm` int(11) DEFAULT NULL,
  `SoVeEmBe` int(11) DEFAULT NULL
) ENGINE=InnoDB DEFAULT CHARSET=utf8 COLLATE=utf8_general_ci;

--
-- Dumping data for table `khachhang`
--

INSERT INTO `khachhang` (`ID_KhachHang`, `TenKhachHang`, `SoDienThoai`, `Email`, `NgaySinh`, `GioiTinh`, `DiaChi`, `CCCD`, `GhiChu`, `SoVeNguoiLon`, `SoVeTreEm`, `SoVeEmBe`) VALUES
(3682, 'nguyen van a', '0124567899', 'eyelessjack0903@gmail.com', '2024-03-21', 'Ông', 'dwqdqw', '0159489489', 'Không có gì', 2, 0, 0),
(3683, 'nguyen van a', '0124567899', 'eyelessjack0903@gmail.com', '2024-02-29', 'Ông', 'dwqdqw', '0159489489', 'không có gì', 3, 0, 0),
(3684, 'nguyen van a', '0124567899', 'eyelessjack0903@gmail.com', '2024-02-29', 'Ông', 'dwqdqw', '0159489489', 'không có gì', 3, 0, 0),
(3685, 'nguyen van a', '0124567899', 'eyelessjack0903@gmail.com', '2024-03-07', 'Ông', 'dwqdqw', '0159489489', 'không có gì', 1, 1, 0),
(3686, 'nguyen van a', '0124567899', 'eyelessjack0903@gmail.com', '2024-03-22', 'Ông', 'dwqdqw', '0159489489', 'không có gì', 2, 1, 0),
(3687, 'nguyen van a', '0124567899', 'eyelessjack0903@gmail.com', '2024-03-09', 'Ông', 'dwqdqw', '0159489489', 'khong có gì', 2, 2, 0),
(3688, 'nguyen van a', '0124567899', 'eyelessjack0903@gmail.com', '2024-03-09', 'Ông', 'dwqdqw', '0159489489', 'khong có gì', 2, 2, 0),
(3689, 'nguyen van a', '0124567899', 'eyelessjack0903@gmail.com', '2024-03-22', 'Ông', 'dwqdqw', '0159489489', 'hello', 2, 1, 0),
(3690, 'nguyen van a', '0124567899', 'eyelessjack0903@gmail.com', '2024-03-22', 'Ông', 'dwqdqw', '0159489489', 'hello', 2, 1, 0),
(3691, 'nguyen van a', '0124567899', 'eyelessjack0903@gmail.com', '2024-03-22', 'Ông', 'dwqdqw', '0159489489', 'hello', 2, 1, 0),
(3692, 'nguyen van a', '0124567899', 'laptrinhweb123@gmail.com', '2024-03-15', 'Ông', 'dwqdqw', '0159489489', '222', 2, 2, 0),
(3693, 'nguyen van a', '0124567899', 'eyelessjack0903@gmail.com', '2024-03-15', 'Ông', 'dwqdqw', '0159489489', '22489', 2, 2, 0),
(3694, 'nguyen van a', '0124567899', 'eyelessjack0903@gmail.com', '2024-03-15', 'Ông', 'dwqdqw', '0159489489', '22489', 2, 2, 0),
(3695, 'nguyen van a', '0124567899', 'eyelessjack0903@gmail.com', '2024-03-15', 'Ông', 'dwqdqw', '0159489489', '22489', 2, 2, 0),
(3696, 'nguyen van a', '0124567899', 'laptrinhweb123@gmail.com', '2024-03-16', 'Ông', 'dwqdqw', '0159489489', '', 1, 1, 0),
(3697, 'nguyen van a', '0124567899', 'eyelessjack0903@gmail.com', '2024-03-08', 'Ông', 'dwqdqw', '0159489489', 'không có gì', 2, 1, 0),
(3698, 'nguyen van a', '0124567899', 'eyelessjack0903@gmail.com', '2024-03-21', 'Ông', 'dwqdqw', '0159489489', 'không có gì', 2, 0, 0),
(3699, 'nguyen van a', '0124567899', 'eyelessjack0903@gmail.com', '2024-03-21', 'Ông', 'dwqdqw', '0159489489', 'không có gì', 2, 0, 0),
(3700, 'nguyen van a', '0124567899', 'eyelessjack0903@gmail.com', '2024-03-22', 'Ông', 'dwqdqw', '0159489489', '', 2, 1, 0),
(3701, 'nguyen van a', '0124567899', 'eyelessjack0903@gmail.com', '2024-03-23', 'Ông', 'dwqdqw', '0159489489', 'khong', 2, 1, 0);

-- --------------------------------------------------------

--
-- Table structure for table `lienhe`
--

CREATE TABLE `lienhe` (
  `ID_LienHe` int(11) NOT NULL,
  `HoTen` varchar(100) DEFAULT NULL,
  `Email` varchar(100) DEFAULT NULL,
  `SoDienThoai` varchar(50) DEFAULT NULL,
  `NoiDung` text DEFAULT NULL,
  `Ngay` date DEFAULT NULL,
  `TrangThai` varchar(20) DEFAULT NULL
) ENGINE=InnoDB DEFAULT CHARSET=utf8 COLLATE=utf8_general_ci;

--
-- Dumping data for table `lienhe`
--

INSERT INTO `lienhe` (`ID_LienHe`, `HoTen`, `Email`, `SoDienThoai`, `NoiDung`, `Ngay`, `TrangThai`) VALUES
(582, 'Nguyen van A', 'laptrinhweb123@gmail.com', '0123456789', 'dwqw', '2024-02-28', '1'),
(583, 'Nguyen van A', 'laptrinhweb123@gmail.com', '0123456789', 'dsadw', '2024-02-28', '1'),
(584, 'Nguyen van A', 'laptrinhweb123@gmail.com', '0123456789', 'dwqdqw', '2024-02-28', '1'),
(591, 'Nguyen van A', 'teo@gmail.com', '0123456789', 'Đúng rồi bạn, ở đây mình đã đổi hoàn toàn chữ \"Xử lý\" và \"Đã xử lý\" thành icon Font Awesome cho phù hợp và có bổ sung thư viện FontAwesome ở trong đầu file cho hoạt động được icon luôn:', '2024-02-28', '1'),
(592, 'Nguyen van A', 'teo@gmail.com', '0123456789', 'mgpsgmpsd', '2024-02-29', '1'),
(593, 'Nguyen van A', 'ekko0903@gmail.com', '0123456789', 'hello tôi cần bạn hỗ trợ', '2024-03-06', NULL),
(594, 'Nguyen van A', 'ekko0903@gmail.com', '0123456789', 'hello tôi cần bạn hỗ trợ', '2024-03-06', NULL);

-- --------------------------------------------------------

--
-- Table structure for table `loaibay`
--

CREATE TABLE `loaibay` (
  `ID_LoaiBay` int(11) NOT NULL,
  `TenLoaiBay` varchar(50) NOT NULL
) ENGINE=InnoDB DEFAULT CHARSET=utf8 COLLATE=utf8_general_ci;

--
-- Dumping data for table `loaibay`
--

INSERT INTO `loaibay` (`ID_LoaiBay`, `TenLoaiBay`) VALUES
(1, 'Một Chiều'),
(2, 'Khứ Hồi');

-- --------------------------------------------------------

--
-- Table structure for table `loaive`
--

CREATE TABLE `loaive` (
  `ID_LoaiVe` int(11) NOT NULL,
  `TenLoaiVe` varchar(50) NOT NULL
) ENGINE=InnoDB DEFAULT CHARSET=utf8 COLLATE=utf8_general_ci;

--
-- Dumping data for table `loaive`
--

INSERT INTO `loaive` (`ID_LoaiVe`, `TenLoaiVe`) VALUES
(1, 'Economy'),
(2, 'Premium Economy'),
(3, 'Business'),
(4, 'First');

-- --------------------------------------------------------

--
-- Table structure for table `matuyen`
--

CREATE TABLE `matuyen` (
  `ID_MaTuyen` varchar(50) NOT NULL,
  `ID_SanBayDi` varchar(50) NOT NULL,
  `ID_SanBayDen` varchar(50) NOT NULL,
  `ID_LoaiBay` int(11) NOT NULL,
  `KhoangCach` decimal(10,4) NOT NULL,
  `ThoiGian` date DEFAULT NULL,
  `HangBay` varchar(255) DEFAULT NULL
) ENGINE=InnoDB DEFAULT CHARSET=utf8 COLLATE=utf8_general_ci;

--
-- Dumping data for table `matuyen`
--

INSERT INTO `matuyen` (`ID_MaTuyen`, `ID_SanBayDi`, `ID_SanBayDen`, `ID_LoaiBay`, `KhoangCach`, `ThoiGian`, `HangBay`) VALUES
('AL098', 'DLI', 'HAN', 1, 1.4110, '2024-03-02', 'Vietjet Air'),
('AL226', 'DLI', 'HAN', 1, 1.4110, '2024-03-02', 'Vietnam Airlines'),
('AL486', 'DLI', 'HAN', 1, 1.4110, '2024-03-02', 'Bamboo Airways'),
('BA001', 'HAN', 'SGN', 2, 1.1620, '2024-05-01', 'Bamboo Airways'),
('BA002', 'HAN', 'SGN', 2, 1.1620, '2024-05-01', 'Vietjet Air'),
('BA003', 'HAN', 'SGN', 2, 1.1620, '2024-05-01', 'Vietjet Air'),
('BA004', 'HAN', 'SGN', 2, 1.1610, '2024-05-01', 'Vietravel Airlines'),
('BA005', 'HAN', 'SGN', 2, 1.1610, '2024-05-01', 'Vietjet Air'),
('BA006', 'HAN', 'SGN', 2, 1.1610, '2024-05-01', 'Vietjet Air'),
('BA007', 'HAN', 'SGN', 2, 1.1610, '2024-05-01', 'Vietjet Air'),
('BA100', 'CXR', 'SGN', 2, 369.0000, '2024-05-01', 'Vietjet Air'),
('BA101', 'CXR', 'SGN', 2, 369.0000, '2024-05-01', 'Vietjet Air'),
('BA102', 'CXR', 'SGN', 2, 369.0000, '2024-05-01', 'Vietjet Air'),
('BA103', 'CXR', 'SGN', 2, 369.0000, '2024-05-01', 'Vietnam Airlines'),
('BA104', 'CXR', 'SGN', 2, 369.0000, '2024-05-01', 'Vietnam Airlines'),
('BA105', 'CXR', 'SGN', 2, 369.0000, '2024-05-01', 'Vietnam Airlines'),
('BA106', 'CXR', 'SGN', 2, 369.0000, '2024-05-01', 'Bamboo Airways'),
('BA107', 'CXR', 'SGN', 2, 369.0000, '2024-05-01', 'Bamboo Airways'),
('BA108', 'CXR', 'SGN', 2, 369.0000, '2024-05-01', 'Bamboo Airways'),
('BA109', 'CXR', 'SGN', 2, 369.0000, '2024-05-01', 'Bamboo Airways'),
('BA110', 'PQC', 'SGN', 2, 395.0000, '2024-05-01', 'Vietjet Air'),
('BA111', 'PQC', 'SGN', 2, 395.0000, '2024-05-01', 'Vietjet Air'),
('BA112', 'PQC', 'SGN', 2, 395.0000, '2024-05-01', 'Vietjet Air'),
('BA113', 'PQC', 'SGN', 2, 395.0000, '2024-05-01', 'Vietjet Air'),
('BA114', 'PQC', 'SGN', 2, 395.0000, '2024-05-01', 'Vietnam Airlines'),
('BA115', 'PQC', 'SGN', 2, 395.0000, '2024-05-01', 'Vietnam Airlines'),
('BA116', 'PQC', 'SGN', 2, 395.0000, '2024-05-01', 'Vietnam Airlines'),
('BA117', 'PQC', 'SGN', 2, 395.0000, '2024-05-01', 'Vietnam Airlines'),
('BA120', 'DLI', 'SGN', 2, 275.0000, '2024-05-01', 'Vietjet Air'),
('BA121', 'DLI', 'SGN', 2, 275.0000, '2024-05-01', 'Vietjet Air'),
('BA122', 'DLI', 'SGN', 2, 275.0000, '2024-05-01', 'Vietjet Air'),
('BA123', 'DLI', 'SGN', 2, 275.0000, '2024-05-01', 'Vietjet Air'),
('BA124', 'DLI', 'SGN', 2, 275.0000, '2024-05-01', 'Vietnam Airlines'),
('BA125', 'DLI', 'SGN', 2, 275.0000, '2024-05-01', 'Vietnam Airlines'),
('BA126', 'DLI', 'SGN', 2, 275.0000, '2024-05-01', 'Vietnam Airlines'),
('BWL001', 'SGN', 'HAN', 1, 1.1620, '2024-03-03', 'Bamboo Airways'),
('BWL002', 'SGN', 'HAN', 1, 1.1620, '2024-03-03', 'Vietjet Air'),
('BWL098', 'SGN', 'HAN', 1, 1.1620, '2024-03-03', 'Vietjet Air'),
('BWL157', 'HAN', 'SGN', 1, 1.1620, '2024-03-03', 'Vietnam Airlines'),
('BWL226', 'SGN', 'HAN', 1, 1.1620, '2024-03-03', 'Vietnam Airlines'),
('BWL267', 'HAN', 'SGN', 1, 1.1620, '2024-03-03', 'Vietjet Air'),
('BWL486', 'SGN', 'HAN', 1, 1.1620, '2024-03-03', 'Bamboo Airways'),
('BWL697', 'HAN', 'SGN', 1, 1.1620, '2024-03-03', 'Bamboo Airways'),
('BWL874', 'HAN', 'SGN', 1, 1.1620, '2024-03-03', 'Bamboo Airways'),
('DA001', 'DAD', 'HAN', 1, 975.0000, '2024-03-01', 'Bamboo Airways'),
('DA002', 'DAD', 'HAN', 1, 975.0000, '2024-03-01', 'Vietjet Air'),
('DA003', 'DAD', 'HAN', 1, 975.0000, '2024-03-01', 'Vietjet Air'),
('DA004', 'DAD', 'HAN', 1, 976.0000, '2024-03-01', 'Vietnam Airlines'),
('DAD054', 'HAN', 'DAD', 1, 760.0000, '2024-03-05', 'Bamboo Airways'),
('DAD096', 'HAN', 'DAD', 1, 760.0000, '2024-03-05', 'Vietjet Air'),
('DAQ098', 'SGN', 'DAD', 2, 958.0000, '2024-04-03', 'Vietjet Air'),
('DAQ226', 'SGN', 'DAD', 2, 958.0000, '2024-04-03', 'Vietnam Airlines'),
('DAQ236', 'DAD', 'SGN', 2, 958.0000, '2024-04-03', 'Vietnam Airlines'),
('DAQ486', 'SGN', 'DAD', 2, 958.0000, '2024-04-03', 'Bamboo Airways'),
('DAQ636', 'DAD', 'SGN', 2, 958.0000, '2024-04-03', 'Bamboo Airways'),
('DD001', 'DLI', 'DAD', 1, 654.0000, '2024-03-02', 'Bamboo Airways'),
('DD002', 'DLI', 'DAD', 1, 654.0000, '2024-03-02', 'Vietjet Air'),
('DD003', 'DLI', 'DAD', 1, 654.0000, '2024-03-02', 'Vietjet Air'),
('DDA001', 'DAD', 'DLI', 1, 654.0000, '2024-03-02', 'Bamboo Airways'),
('DDA002', 'DAD', 'DLI', 1, 654.0000, '2024-03-02', 'Vietjet Air'),
('DDA003', 'DAD', 'DLI', 1, 654.0000, '2024-03-02', 'Vietnam Airlines'),
('DH001', 'DAD', 'HAN', 2, 1.4790, '2024-03-01', 'Bamboo Airways'),
('DH002', 'DAD', 'HAN', 2, 1.4790, '2024-03-01', 'Vietjet Air'),
('DH003', 'DAD', 'HAN', 2, 1.4790, '2024-03-01', 'Vietjet Air'),
('DH078', 'HAN', 'DLI', 1, 1.4110, '2024-03-02', 'Vietnam Airlines'),
('DH098', 'HAN', 'DLI', 1, 1.4110, '2024-03-02', 'Vietjet Air'),
('DH226', 'HAN', 'DLI', 1, 1.4110, '2024-03-02', 'Vietjet Air'),
('DH486', 'HAN', 'DLI', 1, 1.4110, '2024-03-02', 'Bamboo Airways'),
('DHI021', 'HUI', 'SGN', 2, 957.0000, '2024-03-04', 'Vietjet Air'),
('DHI411', 'HUI', 'SGN', 2, 957.0000, '2024-03-04', 'Vietjet Air'),
('DHI432', 'HUI', 'SGN', 2, 957.0000, '2024-03-04', 'Bamboo Airways'),
('DHI441', 'SGN', 'HUI', 2, 957.0000, '2024-03-04', 'Vietjet Air'),
('DHI654', 'SGN', 'HUI', 2, 957.0000, '2024-03-04', 'Bamboo Airways'),
('DHI876', 'SGN', 'HUI', 2, 957.0000, '2024-03-04', 'Vietnam Airlines'),
('DLQ231', 'SGN', 'DLI', 2, 309.0000, '2024-04-04', 'Vietnam Airlines'),
('DLQ444', 'SGN', 'DLI', 2, 309.0000, '2024-04-04', 'Vietjet Air'),
('DLQ465', 'SGN', 'DLI', 2, 309.0000, '2024-04-04', 'Bamboo Airways'),
('DLQ654', 'DLI', 'SGN', 2, 309.0000, '2024-04-04', 'Vietjet Air'),
('DLQ765', 'DLI', 'SGN', 2, 309.0000, '2024-04-04', 'Vietnam Airlines'),
('DNA098', 'SGN', 'DAD', 2, 958.0000, '2024-03-03', 'Vietjet Air'),
('DNA226', 'SGN', 'DAD', 2, 958.0000, '2024-03-03', 'Vietnam Airlines'),
('DNA231', 'DAD', 'SGN', 2, 958.0000, '2024-03-03', 'Bamboo Airways'),
('DNA332', 'DAD', 'SGN', 2, 958.0000, '2024-03-03', 'Vietjet Air'),
('DNA486', 'SGN', 'DAD', 2, 958.0000, '2024-03-03', 'Bamboo Airways'),
('DNA554', 'DAD', 'SGN', 2, 958.0000, '2024-03-03', 'Vietnam Airlines'),
('DSQ001', 'DLI', 'SGN', 2, 308.0000, '2024-04-05', 'Bamboo Airways'),
('DSQ002', 'DLI', 'SGN', 2, 308.0000, '2024-04-05', 'Vietjet Air'),
('DSQ098', 'SGN', 'DLI', 2, 308.0000, '2024-04-05', 'Vietjet Air'),
('DSQ226', 'SGN', 'DLI', 2, 308.0000, '2024-04-05', 'Vietnam Airlines'),
('DSQ486', 'SGN', 'DLI', 2, 308.0000, '2024-04-05', 'Bamboo Airways'),
('ERQ198', 'SGN', 'DAD', 1, 958.0000, '2024-03-05', 'Vietjet Air'),
('ERQ226', 'SGN', 'DAD', 1, 958.0000, '2024-03-05', 'Vietnam Airlines'),
('ERQ486', 'SGN', 'DAD', 1, 958.0000, '2024-03-05', 'Bamboo Airways'),
('ERQ501', 'DAD', 'SGN', 1, 958.0000, '2024-03-05', 'Bamboo Airways'),
('ERQ602', 'DAD', 'SGN', 1, 958.0000, '2024-03-05', 'Vietjet Air'),
('GA098', 'SGN', 'HAN', 2, 1.1620, '2024-04-03', 'Vietjet Air'),
('GA226', 'SGN', 'HAN', 2, 1.1620, '2024-04-03', 'Vietnam Airlines'),
('GDS005', 'DAD', 'SGN', 2, 958.0000, '2024-04-01', 'Bamboo Airways'),
('GDS006', 'DAD', 'SGN', 2, 958.0000, '2024-04-01', 'Vietjet Air'),
('GDS007', 'DAD', 'SGN', 2, 958.0000, '2024-04-01', 'Vietjet Air'),
('GDS008', 'DAD', 'SGN', 2, 957.0000, '2024-04-01', 'Vietnam Airlines'),
('GDS157', 'SGN', 'DAD', 2, 958.0000, '2024-03-02', 'Bamboo Airways'),
('GDS478', 'SGN', 'DAD', 2, 957.0000, '2024-03-02', 'Vietnam Airlines'),
('GDS555', 'SGN', 'DAD', 2, 958.0000, '2024-03-02', 'Vietjet Air'),
('GDS706', 'SGN', 'DAD', 2, 958.0000, '2024-03-02', 'Vietjet Air'),
('GP098', 'SGN', 'HPH', 1, 1.7940, '2024-03-04', 'Vietjet Air'),
('GP123', 'SGN', 'HPH', 1, 1.7940, '2024-03-04', 'Vietnam Airlines'),
('GP443', 'HPH', 'SGN', 1, 1.7940, '2024-03-04', 'Bamboo Airways'),
('GP542', 'HPH', 'SGN', 1, 1.7940, '2024-03-04', 'Vietjet Air'),
('HAD098', 'HAN', 'DAD', 1, 975.0000, '2024-03-04', 'Vietjet Air'),
('HAD216', 'HAN', 'DAD', 1, 975.0000, '2024-03-04', 'Vietnam Airlines'),
('HAD221', 'DAD', 'HAN', 1, 975.0000, '2024-03-04', 'Bamboo Airways'),
('HAD432', 'DAD', 'HAN', 1, 975.0000, '2024-03-04', 'Vietjet Air'),
('HAD486', 'HAN', 'DAD', 1, 975.0000, '2024-03-04', 'Bamboo Airways'),
('HAH031', 'HAN', 'SGN', 2, 1.1620, '2024-04-04', 'Vietjet Air'),
('HAH035', 'SGN', 'HAN', 2, 1.1620, '2024-04-04', 'Bamboo Airways'),
('HAH055', 'HAN', 'SGN', 2, 1.1620, '2024-04-04', 'Bamboo Airways'),
('HAH554', 'SGN', 'HAN', 2, 1.1620, '2024-04-04', 'Vietjet Air'),
('HAH897', 'SGN', 'HAN', 2, 1.1620, '2024-04-04', 'Vietnam Airlines'),
('HAL123', 'HAN', 'SGN', 1, 1.1620, '2024-03-02', 'Vietjet Air'),
('HAL125', 'HAN', 'SGN', 1, 1.1620, '2024-03-02', 'Vietnam Airlines'),
('HAL152', 'HAN', 'SGN', 1, 1.1620, '2024-03-02', 'Vietjet Air'),
('HAL230', 'HAN', 'SGN', 1, 1.1620, '2024-03-02', 'Vietnam Airlines'),
('HAL231', 'HAN', 'SGN', 1, 1.1620, '2024-03-02', 'Bamboo Airways'),
('HAL245', 'HAN', 'SGN', 1, 1.1620, '2024-03-02', 'Bamboo Airways'),
('HAL653', 'HAN', 'SGN', 1, 1.1620, '2024-03-02', 'Vietjet Air'),
('HC001', 'HAN', 'PQC', 2, 1.6630, '2024-03-01', 'Bamboo Airways'),
('HC002', 'HAN', 'PQC', 2, 1.6630, '2024-03-01', 'Vietjet Air'),
('HC003', 'HAN', 'PQC', 2, 1.6630, '2024-03-01', 'Vietnam Airlines'),
('HD001', 'HAN', 'DAD', 2, 1.4790, '2024-03-01', 'Bamboo Airways'),
('HD002', 'HAN', 'DAD', 2, 1.4790, '2024-03-01', 'Vietnam Airlines'),
('HD003', 'HAN', 'DAD', 2, 1.4790, '2024-03-01', 'Vietjet Air'),
('HDN001', 'HUI', 'SGN', 2, 929.0000, '2024-04-05', 'Bamboo Airways'),
('HDN002', 'HUI', 'SGN', 2, 929.0000, '2024-04-05', 'Vietjet Air'),
('HDN098', 'SGN', 'HUI', 2, 929.0000, '2024-04-05', 'Vietjet Air'),
('HDN226', 'SGN', 'HUI', 2, 929.0000, '2024-04-05', 'Vietnam Airlines'),
('HDN486', 'SGN', 'HUI', 2, 929.0000, '2024-04-05', 'Bamboo Airways'),
('HL109', 'HAN', 'DLI', 1, 369.0000, '2024-03-01', 'Bamboo Airways'),
('HL110', 'HAN', 'DLI', 1, 395.0000, '2024-03-01', 'Vietjet Air'),
('HL111', 'HAN', 'DLI', 1, 395.0000, '2024-03-01', 'Vietjet Air'),
('HQB216', 'SGN', 'HAN', 2, 1.1620, '2024-04-05', 'Vietnam Airlines'),
('HQB411', 'HAN', 'SGN', 2, 1.1620, '2024-04-05', 'Bamboo Airways'),
('HQB421', 'SGN', 'HAN', 2, 1.1620, '2024-04-05', 'Vietjet Air'),
('HQB586', 'SGN', 'HAN', 2, 1.1620, '2024-04-05', 'Bamboo Airways'),
('HQB652', 'HAN', 'SGN', 2, 1.1620, '2024-04-05', 'Vietjet Air'),
('HSL125', 'HUI', 'SGN', 2, 957.0000, '2024-04-04', 'Vietjet Air'),
('HSL421', 'SGN', 'HUI', 2, 957.0000, '2024-04-04', 'Vietnam Airlines'),
('HSL432', 'SGN', 'HUI', 2, 957.0000, '2024-04-04', 'Vietnam Airlines'),
('HSL444', 'SGN', 'HUI', 2, 957.0000, '2024-04-04', 'Vietjet Air'),
('HSL654', 'SGN', 'HUI', 2, 957.0000, '2024-04-04', 'Bamboo Airways'),
('HSL656', 'HUI', 'SGN', 2, 957.0000, '2024-04-04', 'Vietnam Airlines'),
('HSL776', 'HUI', 'SGN', 2, 957.0000, '2024-04-04', 'Bamboo Airways'),
('HSQ001', 'DAD', 'HAN', 2, 1.4790, '2024-05-01', 'Bamboo Airways'),
('HSQ002', 'DAD', 'HAN', 2, 1.4790, '2024-05-01', 'Vietjet Air'),
('HSQ003', 'DAD', 'HAN', 2, 1.4790, '2024-05-01', 'Vietjet Air'),
('HSQ216', 'SGN', 'HUI', 1, 1.0420, '2024-03-04', 'Vietnam Airlines'),
('HSQ321', 'HUI', 'SGN', 1, 1.0420, '2024-03-04', 'Bamboo Airways'),
('HSQ456', 'SGN', 'HUI', 1, 1.0420, '2024-03-04', 'Bamboo Airways'),
('HSQ486', 'SGN', 'HUI', 1, 1.0420, '2024-03-04', 'Bamboo Airways'),
('HSQ652', 'HUI', 'SGN', 1, 1.0420, '2024-03-04', 'Vietjet Air'),
('HSQ798', 'SGN', 'HUI', 1, 1.0420, '2024-03-04', 'Vietjet Air'),
('JAK126', 'SGN', 'HAN', 1, 1.1620, '2024-04-03', 'Vietnam Airlines'),
('JAK242', 'HAN', 'SGN', 1, 1.1620, '2024-04-03', 'Vietjet Air'),
('JAK486', 'SGN', 'HAN', 1, 1.1620, '2024-04-03', 'Bamboo Airways'),
('JAK698', 'SGN', 'HAN', 1, 1.1620, '2024-04-03', 'Vietjet Air'),
('JAK741', 'HAN', 'SGN', 1, 1.1620, '2024-04-03', 'Bamboo Airways'),
('LAQ098', 'SGN', 'DAD', 1, 958.0000, '2024-03-03', 'Vietjet Air'),
('LAQ226', 'SGN', 'DAD', 1, 958.0000, '2024-03-03', 'Vietnam Airlines'),
('LAQ647', 'DAD', 'SGN', 1, 958.0000, '2024-03-03', 'Bamboo Airways'),
('LAQ697', 'SGN', 'DAD', 1, 958.0000, '2024-03-03', 'Bamboo Airways'),
('LAQ726', 'DAD', 'SGN', 1, 958.0000, '2024-03-03', 'Vietnam Airlines'),
('LAQ745', 'DAD', 'SGN', 1, 958.0000, '2024-03-03', 'Vietjet Air'),
('LAQ778', 'SGN', 'DAD', 1, 958.0000, '2024-03-03', 'Vietjet Air'),
('MT001', 'SGN', 'HAN', 1, 1.1620, '2024-03-01', 'Bamboo Airways'),
('MT002', 'SGN', 'HAN', 1, 1.1620, '2024-03-01', 'Vietjet Air'),
('MT003', 'SGN', 'HAN', 1, 1.1620, '2024-03-01', 'Vietjet Air'),
('MT004', 'SGN', 'HAN', 1, 1.1610, '2024-03-01', 'Vietjet Air'),
('MT005', 'SGN', 'HAN', 1, 1.1610, '2024-03-01', 'Vietjet Air'),
('MT006', 'SGN', 'HAN', 1, 1.1610, '2024-03-01', 'Vietjet Air'),
('MT007', 'SGN', 'HAN', 1, 1.1610, '2024-03-01', 'Vietjet Air'),
('MT100', 'SGB', 'CXR', 1, 369.0000, '2024-03-01', 'Vietjet Air'),
('MT101', 'SGN', 'CXR', 1, 369.0000, '2024-03-01', 'Vietjet Air'),
('MT102', 'SGN', 'CXR', 1, 369.0000, '2024-03-01', 'Vietjet Air'),
('MT103', 'SGN', 'CXR', 1, 369.0000, '2024-03-01', 'Vietnam Airlines'),
('MT104', 'SGN', 'CXR', 1, 369.0000, '2024-03-01', 'Vietnam Airlines'),
('MT105', 'SGN', 'CXR', 1, 369.0000, '2024-03-01', 'Vietnam Airlines'),
('MT106', 'SGN', 'CXR', 1, 369.0000, '2024-03-01', 'Bamboo Airways'),
('MT107', 'SGN', 'CXR', 1, 369.0000, '2024-03-01', 'Bamboo Airways'),
('MT108', 'SGN', 'CXR', 1, 369.0000, '2024-03-01', 'Bamboo Airways'),
('MT109', 'SGN', 'CXR', 1, 369.0000, '2024-03-01', 'Bamboo Airways'),
('MT110', 'SGN', 'PQC', 1, 395.0000, '2024-03-01', 'Vietjet Air'),
('MT111', 'SGN', 'PQC', 1, 395.0000, '2024-03-01', 'Vietjet Air'),
('MT112', 'SGN', 'PQC', 1, 395.0000, '2024-03-01', 'Vietjet Air'),
('MT113', 'SGN', 'PQC', 1, 395.0000, '2024-02-01', 'Vietjet Air'),
('MT114', 'SGN', 'PQC', 1, 395.0000, '2024-03-01', 'Vietnam Airlines'),
('MT115', 'SGN', 'PQC', 1, 395.0000, '2024-03-01', 'Vietnam Airlines'),
('MT116', 'SGN', 'PQC', 1, 395.0000, '2024-03-01', 'Vietnam Airlines'),
('MT117', 'SGN', 'PQC', 1, 395.0000, '2024-03-01', 'Vietnam Airlines'),
('MT120', 'SGN', 'DLI', 1, 275.0000, '2024-03-01', 'Vietjet Air'),
('MT121', 'SGN', 'DLI', 1, 275.0000, '2024-03-01', 'Vietjet Air'),
('MT122', 'SGN', 'DLI', 1, 275.0000, '2024-03-01', 'Vietjet Air'),
('MT123', 'SGN', 'DLI', 1, 275.0000, '2024-03-01', 'Vietjet Air'),
('MT124', 'SGN', 'DLI', 1, 275.0000, '2024-03-01', 'Vietnam Airlines'),
('MT125', 'SGN', 'DLI', 1, 275.0000, '2024-03-01', 'Vietnam Airlines'),
('MT126', 'SGN', 'DLI', 1, 275.0000, '2024-03-01', 'Vietnam Airlines'),
('ND001', 'HAN', 'DAD', 1, 975.0000, '2024-03-01', 'Bamboo Airways'),
('ND002', 'HAN', 'DAD', 1, 975.0000, '2024-03-01', 'Vietjet Air'),
('ND003', 'HAN', 'DAD', 1, 975.0000, '2024-03-01', 'Vietjet Air'),
('ND004', 'HAN', 'DAD', 1, 976.0000, '2024-03-01', 'Vietnam Airlines'),
('NDA231', 'DAD', 'HAN', 1, 760.0000, '2024-03-05', 'Vietjet Air'),
('NDA653', 'DAD', 'HAN', 1, 760.0000, '2024-03-05', 'Vietnam Airlines'),
('NDA876', 'HAN', 'DAD', 1, 760.0000, '2024-03-05', 'Bamboo Airways'),
('NDG024', 'SGN', 'DAD', 2, 958.0000, '2024-04-04', 'Vietjet Air'),
('NDG221', 'SGN', 'DAD', 2, 958.0000, '2024-04-04', 'Vietnam Airlines'),
('NDG231', 'DAD', 'SGN', 2, 958.0000, '2024-04-04', 'Bamboo Airways'),
('NDG455', 'SGN', 'DAD', 2, 958.0000, '2024-04-04', 'Vietjet Air'),
('NDG865', 'DAD', 'SGN', 2, 958.0000, '2024-04-04', 'Vietjet Air'),
('NDN021', 'DAD', 'SGN', 2, 958.0000, '2024-04-05', 'Bamboo Airways'),
('NDN122', 'DAD', 'SGN', 2, 958.0000, '2024-04-05', 'Vietjet Air'),
('NDN226', 'SGN', 'DAD', 2, 958.0000, '2024-04-05', 'Vietnam Airlines'),
('NDN438', 'SGN', 'DAD', 2, 958.0000, '2024-04-05', 'Vietjet Air'),
('NDN486', 'SGN', 'DAD', 2, 958.0000, '2024-04-05', 'Bamboo Airways'),
('NGS222', 'HAN', 'SGN', 1, 1.1620, '2024-03-05', 'Vietjet Air'),
('NGS226', 'SGN', 'HAN', 1, 1.1620, '2024-03-05', 'Vietnam Airlines'),
('NGS442', 'HAN', 'SGN', 1, 1.1620, '2024-05-05', 'Vietjet Air'),
('NGS486', 'SGN', 'HAN', 1, 1.1620, '2024-03-05', 'Bamboo Airways'),
('NGS498', 'SGN', 'HAN', 1, 1.1620, '2024-03-05', 'Vietjet Air'),
('NGS651', 'HAN', 'SGN', 1, 1.1620, '2024-05-05', 'Bamboo Airways'),
('NGS658', 'HAN', 'SGN', 1, 1.1620, '2024-03-05', 'Vietnam Airlines'),
('NH018', 'HAN', 'HUI', 2, 664.0000, '2024-04-02', 'Vietjet Air'),
('NH102', 'HAN', 'HUI', 2, 664.0000, '2024-04-02', 'Vietjet Air'),
('NH401', 'HAN', 'HUI', 2, 664.0000, '2024-04-02', 'Bamboo Airways'),
('NH526', 'HUI', 'HAN', 2, 664.0000, '2024-04-02', 'Vietnam Airlines'),
('NH686', 'HUI', 'HAN', 2, 664.0000, '2024-04-02', 'Bamboo Airways'),
('NN098', 'HAN', 'SGN', 2, 1.1620, '2024-04-03', 'Vietjet Air'),
('NN226', 'HAN', 'SGN', 2, 1.1620, '2024-04-03', 'Vietnam Airlines'),
('NN502', 'HAN', 'SGN', 2, 1.1620, '2024-04-03', 'Vietjet Air'),
('NQ198', 'SGN', 'HAN', 2, 1.1620, '2024-03-03', 'Vietjet Air'),
('NQ286', 'SGN', 'HAN', 2, 1.1620, '2024-03-03', 'Bamboo Airways'),
('NQ331', 'SGN', 'HAN', 2, 1.1620, '2024-03-03', 'Bamboo Airways'),
('NQ516', 'HAN', 'SGN', 2, 1.1620, '2024-03-03', 'Vietjet Air'),
('NQ526', 'SGN', 'HAN', 2, 1.1620, '2024-03-03', 'Vietnam Airlines'),
('NQ546', 'HAN', 'SGN', 2, 1.1620, '2024-03-03', 'Bamboo Airways'),
('NQ602', 'SGN', 'HAN', 2, 1.1620, '2024-03-03', 'Vietjet Air'),
('OPS001', 'DLI', 'SGN', 1, 309.0000, '2024-03-05', 'Vietjet Air'),
('OPS098', 'SGN', 'DLI', 1, 309.0000, '2024-03-05', 'Vietjet Air'),
('OPS226', 'SGN', 'DLI', 1, 309.0000, '2024-03-05', 'Vietnam Airlines'),
('OPS486', 'DLI', 'SGN', 1, 309.0000, '2024-03-05', 'Bamboo Airways'),
('PGQ321', 'SGN', 'HPH', 2, 1.7940, '2024-04-04', 'Vietjet Air'),
('PGQ412', 'SGN', 'HPH', 2, 1.7940, '2024-04-04', 'Vietnam Airlines'),
('PGQ432', 'SGN', 'HPH', 2, 1.7940, '2024-04-04', 'Bamboo Airways'),
('PGQ554', 'HPH', 'SGN', 2, 1.7940, '2024-04-04', 'Bamboo Airways'),
('PGQ646', 'HPH', 'SGN', 2, 1.7940, '2024-04-04', 'Vietjet Air'),
('PO003', 'SGN', 'DAD', 1, 1.1620, '2024-03-01', 'Vietjet Air'),
('PO004', 'SGN', 'DAD', 1, 1.1610, '2024-03-01', 'Vietjet Air'),
('PO005', 'SGN', 'DAD', 1, 1.1610, '2024-03-01', 'Vietjet Air'),
('PO006', 'SGN', 'DAD', 1, 1.1610, '2024-03-01', 'Vietjet Air'),
('PSQ098', 'SGN', 'HAN', 1, 1.1620, '2024-03-04', 'Vietjet Air'),
('PSQ201', 'HAN', 'SGN', 1, 1.1620, '2024-03-04', 'Bamboo Airways'),
('PSQ502', 'HAN', 'SGN', 1, 1.1620, '2024-03-04', 'Vietjet Air'),
('PSQ726', 'SGN', 'HAN', 1, 1.1620, '2024-03-04', 'Vietnam Airlines'),
('PSQ786', 'SGN', 'HAN', 1, 1.1620, '2024-03-04', 'Bamboo Airways'),
('SA001', 'DAD', 'SGN', 1, 958.0000, '2024-03-01', 'Bamboo Airways'),
('SA002', 'DAD', 'SGN', 1, 958.0000, '2024-03-01', 'Vietjet Air'),
('SA003', 'DAD', 'SGN', 1, 958.0000, '2024-03-01', 'Vietjet Air'),
('SA004', 'DAD', 'SGN', 1, 958.0000, '2024-03-01', 'Vietnam Airlines'),
('SC098', 'SGN', 'CXR', 1, 363.0000, '2024-03-03', 'Vietjet Air'),
('SC226', 'SGN', 'CXR', 1, 363.0000, '2024-03-03', 'Vietnam Airlines'),
('SC486', 'SGN', 'CXR', 1, 363.0000, '2024-03-03', 'Bamboo Airways'),
('SC556', 'SGN', 'CXR', 1, 363.0000, '2024-03-03', 'Vietnam Airlines'),
('SC692', 'CXR', 'SGN', 1, 363.0000, '2024-03-03', 'Vietjet Air'),
('SC741', 'CXR', 'SGN', 1, 363.0000, '2024-03-03', 'Bamboo Airways'),
('SDA121', 'DAD', 'SGN', 2, 958.0000, '2024-03-04', 'Bamboo Airways'),
('SDA226', 'SGN', 'DAD', 2, 958.0000, '2024-03-04', 'Vietnam Airlines'),
('SDA446', 'SGN', 'DAD', 2, 958.0000, '2024-03-04', 'Bamboo Airways'),
('SDA448', 'SGN', 'DAD', 2, 958.0000, '2024-03-04', 'Vietjet Air'),
('SDA542', 'DAD', 'SGN', 2, 958.0000, '2024-03-04', 'Vietjet Air'),
('SDD121', 'DAD', 'SGN', 1, 958.0000, '2024-03-04', 'Vietnam Airlines'),
('SDD348', 'SGN', 'DAD', 1, 958.0000, '2024-03-04', 'Vietjet Air'),
('SDD412', 'DAD', 'SGN', 1, 958.0000, '2024-03-04', 'Vietjet Air'),
('SDD546', 'SGN', 'DAD', 1, 958.0000, '2024-03-04', 'Bamboo Airways'),
('SDD732', 'DAD', 'SGN', 1, 958.0000, '2024-03-04', 'Bamboo Airways'),
('SDD766', 'SGN', 'DAD', 1, 958.0000, '2024-03-04', 'Vietnam Airlines'),
('SDI054', 'DLI', 'SGN', 2, 309.0000, '2024-03-04', 'Vietjet Air'),
('SDI553', 'SGN', 'DLI', 2, 309.0000, '2024-03-04', 'Vietjet Air'),
('SDI765', 'SGN', 'DLI', 2, 309.0000, '2024-03-04', 'Vietnam Airlines'),
('SDI876', 'DLI', 'SGN', 2, 309.0000, '2024-03-04', 'Bamboo Airways'),
('SDI987', 'SGN', 'DLI', 2, 309.0000, '2024-03-04', 'Bamboo Airways'),
('SDL001', 'SGN', 'DLI', 1, 309.0000, '2024-03-02', 'Bamboo Airways'),
('SDL002', 'SGN', 'DLI', 1, 309.0000, '2024-03-02', 'Vietjet Air'),
('SDL123', 'SGN', 'DLI', 1, 309.0000, '2024-03-02', 'Vietjet Air'),
('SDL125', 'SGN', 'DLI', 1, 309.0000, '2024-03-02', 'Vietnam Airlines'),
('SDL245', 'SGN', 'DLI', 1, 309.0000, '2024-03-02', 'Bamboo Airways'),
('SDN001', 'SGN', 'HAN', 1, 1.1620, '2024-03-02', 'Bamboo Airways'),
('SDN002', 'SGN', 'HAN', 1, 1.1620, '2024-03-02', 'Vietjet Air'),
('SDN003', 'SGN', 'HAN', 1, 1.1620, '2024-03-02', 'Vietjet Air'),
('SDN123', 'HAN', 'SGN', 1, 1.1620, '2024-03-01', 'Vietjet Air'),
('SDN125', 'SGN', 'HAN', 1, 1.1620, '2024-03-02', 'Vietnam Airlines'),
('SDN126', 'SGN', 'HAN', 1, 1.1620, '2024-03-02', 'Vietnam Airlines'),
('SDN245', 'HAN', 'SGN', 1, 1.1620, '2024-03-01', 'Bamboo Airways'),
('SDX001', 'DLI', 'SGN', 2, 308.0000, '2024-04-02', 'Bamboo Airways'),
('SDX002', 'DLI', 'SGN', 2, 308.0000, '2024-04-02', 'Vietjet Air'),
('SDX098', 'SGN', 'DLI', 2, 308.0000, '2024-04-02', 'Vietjet Air'),
('SDX226', 'SGN', 'DLI', 2, 308.0000, '2024-04-02', 'Vietnam Airlines'),
('SDX486', 'SGN', 'DLI', 2, 308.0000, '2024-04-02', 'Bamboo Airways'),
('SGP153', 'SGN', 'HPH', 2, 1.7940, '2024-03-04', 'Vietnam Airlines'),
('SGP432', 'SGN', 'HPH', 2, 1.7940, '2024-03-04', 'Vietjet Air'),
('SGP541', 'SGN', 'HPH', 2, 1.7940, '2024-03-04', 'Vietnam Airlines'),
('SGP778', 'HPH', 'SGN', 2, 1.7940, '2024-03-04', 'Vietjet Air'),
('SGP876', 'HPH', 'SGN', 2, 1.7940, '2024-03-04', 'Bamboo Airways'),
('SHH132', 'HAN', 'SGN', 2, 1.1620, '2024-03-04', 'Vietjet Air'),
('SHH234', 'HAN', 'SGN', 2, 1.1620, '2024-03-04', 'Bamboo Airways'),
('SHH245', 'SGN', 'HAN', 2, 1.1620, '2024-03-04', 'Bamboo Airways'),
('SHH665', 'SGN', 'HAN', 2, 1.1620, '2024-03-04', 'Vietjet Air'),
('SHH754', 'SGN', 'HAN', 2, 1.1620, '2024-03-04', 'Vietnam Airlines'),
('SHN001', 'HAN', 'SGN', 2, 1.1620, '2024-03-02', 'Bamboo Airways'),
('SHN002', 'HAN', 'SGN', 2, 1.1620, '2024-03-02', 'Vietjet Air'),
('SHN003', 'HAN', 'SGN', 2, 1.1620, '2024-03-02', 'Vietjet Air'),
('SHN004', 'HAN', 'SGN', 2, 1.1610, '2024-03-02', 'Vietravel Airlines'),
('SHN216', 'HAN', 'SGN', 2, 1.1620, '2024-04-01', 'Vietjet Air'),
('SHN268', 'SGN', 'HAN', 2, 1.1620, '2024-04-01', 'Bamboo Airways'),
('SHN336', 'SGN', 'HAN', 2, 1.1620, '2024-04-01', 'Vietjet Air'),
('SHN784', 'SGN', 'HAN', 2, 1.1620, '2024-04-01', 'Vietjet Air'),
('SHN975', 'HAN', 'SGN', 2, 1.1620, '2024-04-01', 'Vietjet Air'),
('SHQ003', 'SGN', 'HAN', 2, 1.1620, '2024-04-01', 'Vietjet Air'),
('SHQ004', 'SGN', 'HAN', 2, 1.1610, '2024-04-01', 'Vietravel Airlines'),
('SHQ187', 'SGN', 'HAN', 2, 1.1620, '2024-04-02', 'Vietjet Air'),
('SHQ459', 'SGN', 'HAN', 2, 1.1610, '2024-04-02', 'Vietravel Airlines'),
('SHU169', 'HUI', 'SGN', 2, 944.7000, '2024-03-03', 'Bamboo Airways'),
('SHU226', 'SGN', 'HUI', 2, 944.7000, '2024-03-03', 'Vietnam Airlines'),
('SHU486', 'SGN', 'HUI', 2, 944.7000, '2024-03-03', 'Bamboo Airways'),
('SHU557', 'HUI', 'SGN', 2, 944.7000, '2024-03-03', 'Vietnam Airlines'),
('SHU898', 'SGN', 'HUI', 2, 944.7000, '2024-03-03', 'Vietjet Air'),
('SIL124', 'DLI', 'SGN', 1, 309.0000, '2024-03-04', 'Bamboo Airways'),
('SIL154', 'DLI', 'SGN', 1, 309.0000, '2024-03-04', 'Bamboo Airways'),
('SIL235', 'DLI', 'SGN', 1, 309.0000, '2024-03-04', 'Vietjet Air'),
('SIL422', 'SGN', 'DLI', 1, 309.0000, '2024-03-04', 'Bamboo Airways'),
('SIL442', 'SGN', 'DLI', 1, 309.0000, '2024-03-04', 'Bamboo Airways'),
('SIL534', 'SGN', 'DLI', 1, 309.0000, '2024-03-04', 'Vietnam Airlines'),
('SIL668', 'SGN', 'DLI', 1, 309.0000, '2024-03-04', 'Vietjet Air'),
('SN001', 'HAN', 'HUI', 2, 664.0000, '2024-04-05', 'Bamboo Airways'),
('SN002', 'HAN', 'HUI', 2, 664.0000, '2024-04-05', 'Vietjet Air'),
('SN098', 'HUI', 'HAN', 2, 664.0000, '2024-04-05', 'Vietjet Air'),
('SN226', 'HUI', 'HAN', 2, 664.0000, '2024-04-05', 'Vietnam Airlines'),
('SN486', 'HUI', 'HAN', 2, 664.0000, '2024-04-05', 'Bamboo Airways'),
('SNN001', 'HAN', 'SGN', 2, 1.1620, '2024-04-02', 'Bamboo Airways'),
('SNN002', 'HAN', 'SGN', 2, 1.1620, '2024-04-02', 'Vietjet Air'),
('SNN003', 'HAN', 'SGN', 2, 1.1620, '2024-04-02', 'Vietjet Air'),
('SP109', 'SGN', 'PQC', 2, 369.0000, '2024-03-01', 'Bamboo Airways'),
('SP110', 'SGN', 'PQC', 2, 395.0000, '2024-03-01', 'Vietjet Air'),
('SP112', 'SGN', 'PQC', 2, 395.0000, '2024-03-01', 'Vietjet Air'),
('SPH021', 'HPH', 'SGN', 1, 1.6760, '2024-03-05', 'Bamboo Airways'),
('SPH102', 'HPH', 'SGN', 1, 1.6760, '2024-03-05', 'Vietjet Air'),
('SPH486', 'SGN', 'HPH', 1, 1.6760, '2024-03-05', 'Bamboo Airways'),
('SPH538', 'SGN', 'HPH', 1, 1.6760, '2024-03-05', 'Vietjet Air'),
('SPH626', 'SGN', 'HPH', 1, 1.6760, '2024-03-05', 'Vietnam Airlines'),
('SQ120', 'SGN', 'DLI', 2, 275.0000, '2024-03-01', 'Vietjet Air'),
('SQ123', 'SGN', 'DLI', 2, 275.0000, '2024-03-01', 'Vietjet Air'),
('SQ124', 'SGN', 'DLI', 2, 275.0000, '2024-03-01', 'Vietnam Airlines'),
('SQC426', 'SGN', 'PQC', 1, 402.0000, '2024-03-04', 'Vietnam Airlines'),
('SQC431', 'PQC', 'SGN', 1, 402.0000, '2024-03-04', 'Vietjet Air'),
('SQC645', 'PQC', 'SGN', 1, 402.0000, '2024-03-04', 'Bamboo Airways'),
('SQC655', 'SGN', 'PQC', 1, 402.0000, '2024-03-04', 'Bamboo Airways'),
('SQC698', 'SGN', 'PQC', 1, 402.0000, '2024-03-04', 'Vietjet Air'),
('SQN001', 'SGN', 'HAN', 2, 1.1620, '2024-03-02', 'Bamboo Airways'),
('SQN002', 'SGN', 'HAN', 2, 1.1620, '2024-03-02', 'Vietjet Air'),
('SQN003', 'SGN', 'HAN', 2, 1.1620, '2024-03-02', 'Vietjet Air'),
('SQP098', 'SGN', 'PQC', 1, 402.0000, '2024-03-03', 'Vietjet Air'),
('SQP226', 'SGN', 'PQC', 1, 402.0000, '2024-03-03', 'Vietnam Airlines'),
('SQP256', 'SGN', 'PQC', 1, 402.0000, '2024-03-03', 'Vietnam Airlines'),
('SQP351', 'PQC', 'SGN', 1, 402.0000, '2024-03-03', 'Bamboo Airways'),
('SQP365', 'PQC', 'SGN', 1, 402.0000, '2024-03-03', 'Vietjet Air'),
('SQP447', 'SGN', 'PQC', 1, 402.0000, '2024-03-03', 'Bamboo Airways'),
('SQP771', 'PQC', 'SGN', 1, 402.0000, '2024-03-03', 'Bamboo Airways'),
('SS200', 'SGN', 'HAN', 2, 1.1620, '2024-03-01', 'Vietjet Air'),
('SS201', 'SGN', 'HAN', 2, 1.1620, '2024-03-01', 'Vietjet Air'),
('SS202', 'SGN', 'HAN', 2, 1.1620, '2024-03-01', 'Vietjet Air'),
('SSQ001', 'HAN', 'DAD', 2, 1.4790, '2024-05-01', 'Bamboo Airways'),
('SSQ002', 'HAN', 'DAD', 2, 1.4790, '2024-05-01', 'Vietjet Air'),
('SSQ003', 'HAN', 'DAD', 2, 1.4790, '2024-05-01', 'Vietjet Air'),
('SSQ123', 'SGN', 'DAD', 2, 958.0000, '2024-03-01', 'Vietjet Air'),
('SSQ234', 'SGN', 'DAD', 2, 958.0000, '2024-03-01', 'Bamboo Airways'),
('SU001', 'PXU', 'SGN', 1, 506.0000, '2024-03-03', 'Bamboo Airways'),
('SU098', 'SGN', 'PXU', 1, 506.0000, '2024-03-03', 'Vietjet Air'),
('SU112', 'PXU', 'SGN', 1, 506.0000, '2024-03-03', 'Vietjet Air'),
('SU226', 'SGN', 'PXU', 1, 506.0000, '2024-03-03', 'Vietnam Airlines'),
('SU486', 'SGN', 'PXU', 1, 506.0000, '2024-03-03', 'Bamboo Airways'),
('TD001', 'DLI', 'SGN', 1, 309.0000, '2024-03-03', 'Bamboo Airways'),
('TD002', 'DLI', 'SGN', 1, 309.0000, '2024-03-03', 'Vietjet Air'),
('TD098', 'SGN', 'DLI', 1, 309.0000, '2024-03-03', 'Vietjet Air'),
('TD226', 'SGN', 'DLI', 1, 309.0000, '2024-03-03', 'Vietnam Airlines'),
('TD486', 'SGN', 'DLI', 1, 309.0000, '2024-03-03', 'Bamboo Airways'),
('TM101', 'HAN', 'SGN', 1, 1.6100, '2024-03-01', 'Vietjet Air'),
('TM102', 'HAN', 'SGN', 1, 1.6100, '2024-03-01', 'Vietjet Air'),
('TM103', 'HAN', 'SGN', 1, 1.6100, '2024-03-01', 'Vietnam Airlines'),
('TM104', 'HAN', 'SGN', 1, 1.6100, '2024-03-01', 'Vietnam Airlines'),
('USH098', 'SGN', 'HUI', 2, 944.7000, '2024-04-03', 'Vietjet Air'),
('USH116', 'HUI', 'SGN', 2, 944.7000, '2024-04-03', 'Vietnam Airlines'),
('USH226', 'SGN', 'HUI', 2, 944.7000, '2024-04-03', 'Vietnam Airlines'),
('USH486', 'SGN', 'HUI', 2, 944.7000, '2024-04-03', 'Bamboo Airways'),
('USH536', 'HUI', 'SGN', 2, 944.7000, '2024-04-03', 'Bamboo Airways'),
('VQ100', 'SGN', 'CXR', 2, 369.0000, '2024-03-01', 'Vietjet Air'),
('VQ102', 'SGN', 'CXR', 2, 369.0000, '2024-03-01', 'Vietjet Air'),
('VQ104', 'SGN', 'CXR', 2, 369.0000, '2024-03-01', 'Vietnam Airlines'),
('VQ109', 'SGN', 'CXR', 2, 369.0000, '2024-03-01', 'Bamboo Aiways'),
('XB100', 'SGN', 'CXR', 2, 369.0000, '2024-05-01', 'Vietjet Air'),
('XB101', 'SGN', 'CXR', 2, 369.0000, '2024-05-01', 'Vietjet Air'),
('XB102', 'SGN', 'CXR', 2, 369.0000, '2024-05-01', 'Vietjet Air'),
('XB103', 'SGN', 'CXR', 2, 369.0000, '2024-05-01', 'Vietnam Airlines'),
('XB105', 'SGN', 'CXR', 2, 369.0000, '2024-05-01', 'Vietnam Airlines'),
('XB107', 'SGN', 'CXR', 2, 369.0000, '2024-05-01', 'Bamboo Airways'),
('YQ200', 'SGN', 'HAN', 2, 1.1620, '2024-03-01', 'Vietjet Air'),
('YQ201', 'SGN', 'HAN', 2, 1.1620, '2024-03-01', 'Vietjet Air'),
('YQ202', 'SGN', 'HAN', 2, 1.1620, '2024-03-01', 'Vietjet Air');

-- --------------------------------------------------------

--
-- Table structure for table `phanhoi`
--

CREATE TABLE `phanhoi` (
  `ID_PhanHoi` int(11) NOT NULL,
  `ID_Tour` int(11) DEFAULT NULL,
  `ID_User` int(11) DEFAULT NULL,
  `NgayPhanHoi` date DEFAULT NULL,
  `NoiDung` text DEFAULT NULL,
  `Sao` varchar(50) DEFAULT NULL,
  `AnHien` int(11) DEFAULT NULL
) ENGINE=InnoDB DEFAULT CHARSET=utf8 COLLATE=utf8_general_ci;

--
-- Dumping data for table `phanhoi`
--

INSERT INTO `phanhoi` (`ID_PhanHoi`, `ID_Tour`, `ID_User`, `NgayPhanHoi`, `NoiDung`, `Sao`, `AnHien`) VALUES
(2034, 1385, 2028, '2024-03-07', 'Tuyệt vời', NULL, 1),
(2035, 1385, 2028, '2024-03-08', 'tuyệt', NULL, 1),
(2036, 1386, 2028, '2024-03-08', 'Nơi đến đẹp', '4', 1),
(2037, 1386, 2028, '2024-03-10', 'Tuyệt vời', '5', 1);

-- --------------------------------------------------------

--
-- Table structure for table `sanbay`
--

CREATE TABLE `sanbay` (
  `ID_CHK` varchar(50) NOT NULL,
  `TenSanBay` varchar(255) NOT NULL,
  `DiaChi` varchar(255) DEFAULT NULL,
  `ThongTin` text DEFAULT NULL,
  `QuocGia` varchar(100) DEFAULT NULL
) ENGINE=InnoDB DEFAULT CHARSET=utf8 COLLATE=utf8_general_ci;

--
-- Dumping data for table `sanbay`
--

INSERT INTO `sanbay` (`ID_CHK`, `TenSanBay`, `DiaChi`, `ThongTin`, `QuocGia`) VALUES
('BMV', 'Sân bay quốc tế Buôn Ma Thuột', 'Phường Tân Lợi, Thành phố Buôn Ma Thuột, tỉnh Đắk Lắk', NULL, 'Việt Nam'),
('CXR', 'Sân bay quốc tế Cam Ranh', 'Thành phố Cam Ranh, tỉnh Khánh Hòa', NULL, 'Việt Nam'),
('DAD', 'Sân bay quốc tế Đà Nẵng', '200 Nguyễn Văn Linh, Quận Hải Châu, Đà Nẵng', NULL, 'Việt Nam'),
('DLI', 'Sân bay quốc tế Đà Lạt', 'Sân bay Liên Khương, tỉnh Lâm Đồng, Việt Nam', NULL, 'Việt Nam'),
('HAN', 'Sân bay quốc tế Nội Bài', 'Phú Minh, Sóc Sơn, Hà Nội', NULL, 'Việt Nam'),
('HPH', 'Sân bay quốc tế Cát Bi', 'Phường Đông Hải 2, Quận Ngô Quyền, Hải Phòng', NULL, 'Việt Nam'),
('HUI', 'Sân bay quốc tế Phú Bài', 'Sân bay Quốc tế Phú Bài, thị trấn Hương Thủy, huyện Hương Thủy, tỉnh Thừa Thiên Huế, Việt Nam', NULL, 'Việt Nam'),
('PQC', 'Sân bay quốc tế Phú Quốc', 'Ấp Dương Đông, huyện Phú Quốc, tỉnh Kiên Giang', NULL, 'Việt Nam'),
('PXU', 'Sân bay quốc tế Pleiku', 'Sân bay Quốc tế Pleiku, phường Hòa Lợi, thành phố Pleiku, tỉnh Gia Lai, Việt Nam', NULL, 'Việt Nam'),
('SGN', 'Sân bay quốc tế Tân Sơn Nhất', 'Số 6, Phường 2, Quận Tân Bình, Thành phố Hồ Chí Minh', NULL, 'Việt Nam'),
('VCA', 'Sân bay quốc tế Cần Thơ', 'Phường An Thới, Quận Bình Thuỷ, Cần Thơ', NULL, 'Việt Nam'),
('VCL', 'Sân bay quốc tế Chu Lai', 'Xã Bình Trị, huyện Núi Thành, tỉnh Quảng Nam', NULL, 'Việt Nam'),
('VII', 'Sân bay quốc tế Vinh', 'Xã Nghi Phú, TP Vinh, Nghệ An', NULL, 'Việt Nam'),
('VKG', 'Sân bay quốc tế Rạch Giá', 'Xã An Hòa, thành phố Rạch Giá, tỉnh Kiên Giang', NULL, 'Việt Nam');

-- --------------------------------------------------------

--
-- Table structure for table `taubay`
--

CREATE TABLE `taubay` (
  `SoHieu` varchar(50) NOT NULL,
  `TenTauBay` varchar(100) DEFAULT NULL,
  `SoLuongGhe` int(11) DEFAULT NULL,
  `SoLuongGheBinhThuong` int(11) DEFAULT NULL,
  `SoLuongGheThuongGia` int(11) DEFAULT NULL
) ENGINE=InnoDB DEFAULT CHARSET=utf8 COLLATE=utf8_general_ci;

--
-- Dumping data for table `taubay`
--

INSERT INTO `taubay` (`SoHieu`, `TenTauBay`, `SoLuongGhe`, `SoLuongGheBinhThuong`, `SoLuongGheThuongGia`) VALUES
('PA004', 'Airbus A330-900neo - Pacific Airlines', 40, 30, 10),
('PA008', 'Airbus A321-200 - Pacific Airlines', 40, 30, 10),
('PA009', 'Airbus A321 - Pacific Airlines', 40, 35, 5),
('QH003', 'Embraer E195 - Bamboo Airways', 40, 30, 10),
('QH007', 'Airbus A321-200 - Bamboo Airways', 40, 33, 7),
('QH008', 'ATR 42-600 - Bamboo Airways', 40, 30, 10),
('VJ002', 'Airbus A320neo - VietJet Air', 40, 30, 10),
('VJ006', 'Airbus A321-200 - VietJet Air', 40, 30, 10),
('VJ007', 'Airbus A350-900 - VietJet Air', 40, 30, 10),
('VN001', 'Boeing 787 Dreamliner - Vietnam Airlines', 40, 30, 10),
('VN005', 'Airbus A321-200 - Vietnam Airlines', 40, 30, 10),
('VN006', 'Boeing 777-300ER - Vietnam Airlines', 40, 30, 10);

-- --------------------------------------------------------

--
-- Table structure for table `thanhtoan`
--

CREATE TABLE `thanhtoan` (
  `ID_ThanhToan` int(11) NOT NULL,
  `ID_Bookings` int(11) DEFAULT NULL,
  `NgayThanhToan` date DEFAULT NULL,
  `TongTien` decimal(10,2) DEFAULT NULL,
  `PhuongThucThanhToan` varchar(50) DEFAULT NULL
) ENGINE=InnoDB DEFAULT CHARSET=utf8 COLLATE=utf8_general_ci;

-- --------------------------------------------------------

--
-- Table structure for table `theloai`
--

CREATE TABLE `theloai` (
  `ID_TheLoai` int(11) NOT NULL,
  `TenTheLoai` varchar(50) NOT NULL
) ENGINE=InnoDB DEFAULT CHARSET=utf8 COLLATE=utf8_general_ci;

--
-- Dumping data for table `theloai`
--

INSERT INTO `theloai` (`ID_TheLoai`, `TenTheLoai`) VALUES
(1, 'Resort'),
(2, 'Món ăn'),
(3, 'Đặc sản'),
(4, 'Địa điểm chụp ảnh'),
(5, 'Khu vui chơi'),
(6, 'Du Lịch'),
(7, 'Top 5');

-- --------------------------------------------------------

--
-- Table structure for table `thongtincanhan`
--

CREATE TABLE `thongtincanhan` (
  `ID_ThongTin` int(11) NOT NULL,
  `GioiTinh` varchar(50) DEFAULT NULL,
  `HoTen` varchar(100) DEFAULT NULL,
  `NgaySinh` date DEFAULT NULL,
  `SoDienThoai` varchar(20) DEFAULT NULL,
  `Email` varchar(100) DEFAULT NULL
) ENGINE=InnoDB DEFAULT CHARSET=utf8 COLLATE=utf8_general_ci;

--
-- Dumping data for table `thongtincanhan`
--

INSERT INTO `thongtincanhan` (`ID_ThongTin`, `GioiTinh`, `HoTen`, `NgaySinh`, `SoDienThoai`, `Email`) VALUES
(4688, 'Ông', 'nguyen van a', '2024-03-23', '0124567899', 'eyelessjack0903@gmail.com'),
(4689, 'Ông', 'nguyen van a', '2024-03-30', '0124567899', 'eyelessjack0903@gmail.com'),
(4690, 'Ông', 'nguyen van a', '2024-03-22', '0124567899', 'eyelessjack0903@gmail.com'),
(4691, 'Ông', 'nguyen van a', '0000-00-00', '0124567899', 'eyelessjack0903@gmail.com'),
(4692, 'Ông', 'nguyen van a', '2024-03-23', '0124567899', 'eyelessjack0903@gmail.com');

-- --------------------------------------------------------

--
-- Table structure for table `thongtinkhachhang`
--

CREATE TABLE `thongtinkhachhang` (
  `ID_KhachHang` int(11) DEFAULT NULL,
  `DoTuoi` varchar(50) DEFAULT NULL,
  `HoTen` varchar(100) DEFAULT NULL,
  `NgaySinh` date DEFAULT NULL,
  `ID_ThongTinKhachHang` int(11) NOT NULL
) ENGINE=InnoDB DEFAULT CHARSET=utf8 COLLATE=utf8_general_ci;

--
-- Dumping data for table `thongtinkhachhang`
--

INSERT INTO `thongtinkhachhang` (`ID_KhachHang`, `DoTuoi`, `HoTen`, `NgaySinh`, `ID_ThongTinKhachHang`) VALUES
(3698, 'Người lớn', 'nguyen van a', '2024-03-21', 5671),
(3698, 'Người lớn', 'nguyen van b', '2024-03-15', 5672),
(3699, 'Người lớn', 'nguyen van a', '2024-03-21', 5673),
(3699, 'Người lớn', 'nguyen van b', '2024-03-15', 5674),
(3700, 'Người lớn', 'nguyen van a', '2024-03-21', 5675),
(3700, 'Người lớn', 'nguyen van b', '2024-03-23', 5676),
(3700, 'Người lớn', 'nguyen van c', '2024-03-22', 5677),
(3701, 'Người lớn', 'nguyen van a', '2024-03-22', 5678),
(3701, 'Người lớn', 'nguyen van b', '2024-03-23', 5679),
(3701, 'Người lớn', 'nguyen van c', '2024-03-22', 5680);

-- --------------------------------------------------------

--
-- Table structure for table `thongtinkhachhangchuyenbay`
--

CREATE TABLE `thongtinkhachhangchuyenbay` (
  `ID_ThongTin` int(11) DEFAULT NULL,
  `DoTuoi` varchar(50) DEFAULT NULL,
  `HoTen` varchar(100) DEFAULT NULL,
  `NgaySinh` date DEFAULT NULL,
  `ID_Ghe` varchar(50) DEFAULT NULL,
  `ID_ThongTinChuyenBay` int(11) NOT NULL
) ENGINE=InnoDB DEFAULT CHARSET=utf8 COLLATE=utf8_general_ci;

--
-- Dumping data for table `thongtinkhachhangchuyenbay`
--

INSERT INTO `thongtinkhachhangchuyenbay` (`ID_ThongTin`, `DoTuoi`, `HoTen`, `NgaySinh`, `ID_Ghe`, `ID_ThongTinChuyenBay`) VALUES
(4691, 'nguoiLon', 'nguyen van a', '2024-03-19', 'KC1', 1586),
(4691, 'nguoiLon', 'nguyen van b', '2024-03-27', 'KC2', 1587),
(4691, 'treEm', 'nguyen van c', '2024-03-07', 'KC3', 1588),
(4692, 'Người lớn', 'nguyen van a', '2024-03-27', 'KC1', 1589),
(4692, 'Trẻ em', 'nguyen van c', '2024-03-27', 'KC3', 1590);

-- --------------------------------------------------------

--
-- Table structure for table `tours`
--

CREATE TABLE `tours` (
  `ID_Tour` int(11) NOT NULL,
  `HinhAnh` varchar(255) DEFAULT NULL,
  `TenTour` varchar(255) DEFAULT NULL,
  `MoTa` text DEFAULT NULL,
  `NoiDung` text DEFAULT NULL,
  `NgayDi` date DEFAULT NULL,
  `NgayVe` date DEFAULT NULL,
  `DiaDiemXuatPhat` varchar(255) DEFAULT NULL,
  `DiaDiemToi` varchar(255) DEFAULT NULL,
  `GioTapTrung` time DEFAULT NULL,
  `NoiTapTrung` varchar(255) DEFAULT NULL,
  `PhuongTienDiChuyen` varchar(255) DEFAULT NULL,
  `DiaDiemThamQuan` varchar(255) DEFAULT NULL,
  `AmThuc` varchar(255) DEFAULT NULL,
  `KhachSan` varchar(255) DEFAULT NULL,
  `ID_HuongDanVien` int(11) DEFAULT NULL,
  `SoVe` int(11) DEFAULT NULL,
  `Gia` decimal(10,2) DEFAULT NULL,
  `GiaTreEm` decimal(10,2) DEFAULT NULL,
  `GiaEmBe` decimal(10,2) DEFAULT NULL
) ENGINE=InnoDB DEFAULT CHARSET=utf8 COLLATE=utf8_general_ci;

--
-- Dumping data for table `tours`
--

INSERT INTO `tours` (`ID_Tour`, `HinhAnh`, `TenTour`, `MoTa`, `NoiDung`, `NgayDi`, `NgayVe`, `DiaDiemXuatPhat`, `DiaDiemToi`, `GioTapTrung`, `NoiTapTrung`, `PhuongTienDiChuyen`, `DiaDiemThamQuan`, `AmThuc`, `KhachSan`, `ID_HuongDanVien`, `SoVe`, `Gia`, `GiaTreEm`, `GiaEmBe`) VALUES
(1378, 'tf_221027120730_405222.jpg', 'Hello', 'hello', '', '2024-01-13', '2024-01-27', 'HCM', 'HN55', '20:00:00', 'HCM', 'Xe bốn chỗ', '- Núi bà hiu', NULL, '5 sao', 6784, 10, 2450000.00, 1500000.00, 350000.00),
(1382, 'tf_200827105610_884604.jpg', 'Hello', '123', '', '2024-01-20', '2024-01-20', 'HCM', 'HN', '12:02:00', 'HCM', 'Xe bốn chỗ', '123', NULL, '5 sao', 1574, 11, 2450000.00, 1500000.00, 400000.00),
(1385, 'tf_200827105610_884604.jpg', 'Chuyen di cua nhung mo uoc', 'Ngày 1 - TP.HCM – SÂN BAY NỘI BÀI – HÀ NỘI (tự túc ăn ngày đầu tiên)\r\nQuý khách tập trung tại sân bay Tân Sơn Nhất (ga trong nước), hướng dẫn làm thủ tục cho Quý khách đáp chuyến bay đi Hà Nội. Đến sân bay Nội Bài, xe đưa quý khách về trung tâm Hà Nội nhận phòng khách sạn nghỉ ngơi. Buổi tối, Quý khách tự do khám phá Hà Nội 36 phố phường lung linh về đêm. \r\n\r\nNghỉ đêm tại Hà Nội.\r\n\r\nNgày 2 - HÀ NỘI - SAPA – BẢN CÁT CÁT 03 bữa ăn: (Sáng, Trưa, Chiều)\r\nQuý khách dùng điểm tâm sáng tại khách sạn. Xe khởi hành đưa Quý khách đi tham quan Hồ Hoàn Kiếm ngắm bên ngoài Tháp Rùa, Đền Ngọc Sơn, Cầu Thê Húc. Quý khách tiếp tục hành trình theo cao tốc Hà Nội – Lào Cai đưa Quý khách đến phố núi Sapa. Trên đường, Quý khách dùng cơm trưa tại nhà hàng địa phương. \r\n\r\nĐến Sapa, nhận phòng nghỉ ngơi. Buổi chiều quý khách thăm:\r\n\r\n- Bản Cát Cát đẹp như một bức tranh giữa vùng phố cổ Sapa, nơi đây thu hút du khách bởi cầu treo, thác nước, guồng nước và những mảng màu hoa mê hoặc du khách khi lạc bước đến đây. Thăm những nếp nhà của người Mông trong bản, du khách sẽ không khỏi ngỡ ngàng trước vẻ đẹp bình dị, mộc mạc. \r\n\r\nBuổi tối, Quý khách dạo phố, ngắm nhà thờ Đá Sapa, tự do thưởng thức đặc sản vùng cao như: thịt lợn cắp nách nướng, trứng nướng, rượu táo mèo, giao lưu với người dân tộc vùng cao. \r\n\r\nNghỉ đêm tại Sapa.\r\n\r\nNgày 3 - SAPA – FANSIPAN LEGEND – Ô QUY HỒ - LÀO CAI 03 bữa ăn: (Sáng, Trưa, Chiều)\r\nQuý khách dùng điểm tâm sáng và trả phòng khách sạn. Xe đưa đoàn ra Sun Plaza, Quý khách trải nghiệm đến khu du lịch Fansipan Legend bằng Tàu hỏa leo núi Mường Hoa hiện đại nhất Việt Nam với tổng chiều dài gần 2000m, thưởng ngoạn bức tranh phong cảnh đầy màu sắc của cánh rừng nguyên sinh, thung lũng Mường Hoa.\r\n- Chinh phục đỉnh núi Fansipan với độ cao 3.143m hùng vĩ bằng cáp treo (chi phí tự túc).\r\n- Lễ Phật tại chùa Trình hay cầu phúc lộc, bình an cho gia đình tại Bích Vân Thiền Tự trong hệ thống cảnh quan tâm linh trên đỉnh Fansipan. \r\nTiếp tục hành trình, Quý khách dùng cơm trưa và tham quan:\r\n- Chinh phục đèo Ô Quy Hồ - con đèo đẹp, hùng vĩ và dài nhất trong Tứ Đại Đỉnh Đèo miền Bắc.\r\n- Khu du lịch Cổng Trời Ô Quy Hồ - một trong những điểm săn mây cực đẹp tại Sapa.\r\nQuý khách khởi hành đi Lào Cai dùng cơm chiều tại nhà hàng địa phương và nhận phòng khách sạn nghỉ ngơi. Buổi tối, Quý khách tự do khám phá Lào Cai về đêm. \r\n\r\nNghỉ đêm tại Lào Cai.\r\n\r\nLưu ý: Trong trường hợp, Fansipan không hoạt động chương trình sẽ được thay thế bằng điểm tham quan Cầu Kính Rồng Mây (không bao gồm vé tham quan).\r\n \r\n\r\nNgày 4 - LÀO CAI – HÀ KHẨU – SÂN BAY NỘI BÀI 2 bữa ăn: (Sáng, Trưa)\r\nQuý khách dùng điểm tâm sáng và tự do nghỉ ngơi tại khách sạn đến giờ trả phòng hoặc tự do mua sắm tại chợ Cốc Lếu. (Lưu ý: Chương trình đi Hà Khẩu chỉ áp dụng nhận khách có Căn cước công dân (CCCD).\r\n\r\nVới Quý khách đi Hà Khẩu thì sẽ làm thủ tục trả phòng khách sạn. Xe đưa Quý khách đến Cửa Khẩu Quốc Tế Lào Cai, làm thủ tục xuất cảnh cho đoàn sang thị trấn Hà Khẩu (Vân Nam, Trung Quốc). Dọc đường đi hướng dẫn viên giới thiệu về cầu Hồ Kiều 1, Hồ Kiều 2, ranh giới Việt Nam và Trung Quốc, sông Hồng, sông Nậm Thi...\r\n\r\nSau khi Quý khách làm thủ tục nhập cảnh xong, HDV đưa quý khách đi tham quan:\r\n\r\n- Một vòng thị trấn Hà Khẩu và ghé thăm Công viên Sơn Lâm, còn gọi là Công Viên Ánh Sáng.\r\n- Mua sắm đồ tại siêu thị Phúc Tâm, Bách Hoá Đại Lầu, các dãy phố Thương mại, phố Quảng ninh, Phố Nhân dân... các mặt hàng như giầy dép, quần áo, túi xách, đồ gia dụng và các món ăn vặt đang được ưa thích như Chân gà cay, bánh phô mai, hạt dẻ mật ong, khoai tây trộn…\r\n\r\n11h30 Quý khách dùng bữa trưa tại nhà hàng Trung Quốc - thưởng thức những món ăn đặc trưng của nước bạn như Vịt quay, khâu nhục, đậu phụ Tứ Xuyên…\r\n\r\n13h00 Quý khách có mặt tại cửa khẩu để làm thủ tục nhập cảnh về Việt Nam.\r\n\r\n14h00 Đoàn về đến Cửa Khẩu Việt Nam và nhập đoàn tại khách sạn. Xe khởi hành đưa Quý khách ra sân bay Nội Bài đáp chuyến bay về Tp Hồ Chí Minh. Chia tay Quý khách và kết thúc chương trình du lịch tại sân bay Tân Sơn Nhất.\r\n\r\nKẾT THÚC CHƯƠNG TRÌNH, TẠM BIỆT QUÝ KHÁCH!\r\n\r\n\r\n*Lưu ý:\r\n- Hành trình có thể thay đổi thứ tự điểm đến tùy vào điều kiện thực tế. \r\n- Lịch trình tham quan (tắm biển, ngắm hoa, trải nghiệm,...) rất dễ bị ảnh hưởng bởi thời tiết. Đây là trường hợp bất khả kháng mong Quý khách hiểu và thông cảm.\r\n- Khách Sạn có thể ở xa trung tâm thành phố vào các mùa Cao Điểm.\r\n- Vì những yêu tố khách quan trong giai đoạn này, điểm tham quan có thể đóng cửa và được thay bằng điểm khác phù hợp với chương trình\r\n\r\n*Các giấy tờ cần thiết để làm thủ tục Xuất Nhập Cảnh: \r\n\r\nHồ sơ khách sử dụng dịch vụ: Cần được gửi trước ít nhất 2  ngày làm việc ( từ thứ 2 – thứ 6, không tính thứ 7 chủ nhật)\r\n\r\n- Đối với người lớn: Ảnh Chân Dung + Ảnh chụp Căn Cước Công Dân/  Chứng Minh Thư \r\n- Đối với trẻ em :  (chưa có căn cước công dân): cần chụp hình chân dung  +  ảnh giấy khai sinh  + Bản sao công chứng giấy khai sinh trẻ em +  giấy đề nghị xuất cảnh có xác nhận của công an địa Phương nơi khách hàng cư trú (mẫu TK08). \r\n- Tờ khai Xuất Nhập Cảnh của trẻ em (mẫu TK08) cần có dấu đỏ giáp lai trên ảnh và chữ ký nháy của cán bộ ký xác nhận ký nháy lên ảnh. Và phải nộp bản gốc cho Vietravel trước ngày khởi hành ít nhất 7 ngày làm việc (từ thứ 2 – thứ 6, không tính thứ 7, chủ nhật).\r\n\r\n**Lưu ý:   Tờ Khai yêu cầu đóng dấu cẩn thận, dấu hiện rõ ràng không nhòe không mờ. \r\n\r\n*Hướng dẫn chụp ảnh chân dung:\r\n\r\n- Yêu cầu: Chọn nơi có ánh sáng hài hòa, đều, không cháy sáng hoạc quá tối hoặc sáng không đều, chụp sắc nét (nên đứng nơi có tường nề đồng màu). Khi chụp nhìn thẳng người chụp, vén hết tóc để lộ rõ trán và hở tai, không đeo kính và đồ trang sức,không đeo kính mắt.\r\n\r\n- Khoảng cách từ người được chụp tới máy ảnh/ điện thoại: 1 - > 1.5 m\r\n\r\nLưu ý : Hiện tại Ni Cô, Tu Sĩ sẽ không sử dụng được giấy thông hành để qua cửa khẩu Lào Cai', '', '2024-04-01', '2024-04-05', 'TP HCM', 'HA NOI', '15:00:00', 'địa chỉ', 'Xe bốn chỗ', '-núi\r\n-núi\r\n-núi', NULL, '5 sao', 1574, 15, 1450000.00, 750000.00, 300000.00),
(1386, 'tf_221027120730_405222.jpg', 'Chuyen di cua nhung mo uoc', 'Sau khi Quý khách làm thủ tục nhập cảnh xong, HDV đưa quý khách đi tham quan:\r\n\r\n- Một vòng thị trấn Hà Khẩu và ghé thăm Công viên Sơn Lâm, còn gọi là Công Viên Ánh Sáng.\r\n- Mua sắm đồ tại siêu thị Phúc Tâm, Bách Hoá Đại Lầu, các dãy phố Thương mại, phố Quảng ninh, Phố Nhân dân... các mặt hàng như giầy dép, quần áo, túi xách, đồ gia dụng và các món ăn vặt đang được ưa thích như Chân gà cay, bánh phô mai, hạt dẻ mật ong, khoai tây trộn…\r\n\r\n11h30 Quý khách dùng bữa trưa tại nhà hàng Trung Quốc - thưởng thức những món ăn đặc trưng của nước bạn như Vịt quay, khâu nhục, đậu phụ Tứ Xuyên…\r\n\r\n13h00 Quý khách có mặt tại cửa khẩu để làm thủ tục nhập cảnh về Việt Nam.\r\n\r\n14h00 Đoàn về đến Cửa Khẩu Việt Nam và nhập đoàn tại khách sạn. Xe khởi hành đưa Quý khách ra sân bay Nội Bài đáp chuyến bay về Tp Hồ Chí Minh. Chia tay Quý khách và kết thúc chương trình du lịch tại sân bay Tân Sơn Nhất.\r\n\r\nKẾT THÚC CHƯƠNG TRÌNH, TẠM BIỆT QUÝ KHÁCH!\r\n\r\n\r\n*Lưu ý:\r\n- Hành trình có thể thay đổi thứ tự điểm đến tùy vào điều kiện thực tế. \r\n- Lịch trình tham quan (tắm biển, ngắm hoa, trải nghiệm,...) rất dễ bị ảnh hưởng bởi thời tiết. Đây là trường hợp bất khả kháng mong Quý khách hiểu và thông cảm.\r\n- Khách Sạn có thể ở xa trung tâm thành phố vào các mùa Cao Điểm.\r\n- Vì những yêu tố khách quan trong giai đoạn này, điểm tham quan có thể đóng cửa và được thay bằng điểm khác phù hợp với chương trình\r\n\r\n*Các giấy tờ cần thiết để làm thủ tục Xuất Nhập Cảnh: \r\n\r\nHồ sơ khách sử dụng dịch vụ: Cần được gửi trước ít nhất 2  ngày làm việc ( từ thứ 2 – thứ 6, không tính thứ 7 chủ nhật)\r\n\r\n- Đối với người lớn: Ảnh Chân Dung + Ảnh chụp Căn Cước Công Dân/  Chứng Minh Thư \r\n- Đối với trẻ em :  (chưa có căn cước công dân): cần chụp hình chân dung  +  ảnh giấy khai sinh  + Bản sao công chứng giấy khai sinh trẻ em +  giấy đề nghị xuất cảnh có xác nhận của công an địa Phương nơi khách hàng cư trú (mẫu TK08). \r\n- Tờ khai Xuất Nhập Cảnh của trẻ em (mẫu TK08) cần có dấu đỏ giáp lai trên ảnh và chữ ký nháy của cán bộ ký xác nhận ký nháy lên ảnh. Và phải nộp bản gốc cho Vietravel trước ngày khởi hành ít nhất 7 ngày làm việc (từ thứ 2 – thứ 6, không tính thứ 7, chủ nhật).\r\n\r\n**Lưu ý:   Tờ Khai yêu cầu đóng dấu cẩn thận, dấu hiện rõ ràng không nhòe không mờ. \r\n\r\n*Hướng dẫn chụp ảnh chân dung:\r\n\r\n- Yêu cầu: Chọn nơi có ánh sáng hài hòa, đều, không cháy sáng hoạc quá tối hoặc sáng không đều, chụp sắc nét (nên đứng nơi có tường nề đồng màu). Khi chụp nhìn thẳng người chụp, vén hết tóc để lộ rõ trán và hở tai, không đeo kính và đồ trang sức,không đeo kính mắt.\r\n\r\n- Khoảng cách từ người được chụp tới máy ảnh/ điện thoại: 1 - > 1.5 m\r\n\r\nLưu ý : Hiện tại Ni Cô, Tu Sĩ sẽ không sử dụng được giấy thông hành để qua cửa khẩu Lào Cai', NULL, '2024-04-01', '2024-04-03', 'TP HCM', 'HA NOI', '09:00:00', 'địa chỉ', 'Xe bốn chỗ', 'Phu Quoc, Grand World, VinWonders, vuon tieu, nuoc mam, ngoc trai, Vin Safari, Hon Thom', NULL, '5 sao', 1574, 15, 2450000.00, NULL, NULL),
(1387, '65e88925607320.65336017.jpg', 'Tour mới', '<h3 id=\"day-00\" style=\"line-height: 40px; font-size: 20px; color: rgb(45, 66, 113); font-family: Roboto, sans-serif;\">Ngày 1 - TP HỒ CHÍ MINH - PHÚ QUỐC - HÒN THƠM - THỊ TRẤN HOÀNG HÔN - GRAND WORLD (Ăn trưa, chiều)</h3><p style=\"line-height: 40px; font-size: 20px; color: rgb(45, 66, 113); font-family: Roboto, sans-serif;\"><span style=\"font-size: 15px; text-align: justify;\">Quý khách tập trung tại Sân bay Tân Sơn Nhất, ga đi Trong Nước, hướng dẫn viên hỗ trợ làm thủ tục đáp chuyến bay đi Phú Quốc. </span></p><p style=\"line-height: 40px; font-size: 20px; color: rgb(45, 66, 113); font-family: Roboto, sans-serif;\"><span style=\"font-size: 15px; text-align: justify;\">Xe đón đoàn tại sân bay đưa đến </span><span style=\"font-weight: 700; font-size: 15px; text-align: justify;\">nhà ga cáp treo An Thới </span><span style=\"font-size: 15px; text-align: justify;\">tham quan </span><span style=\"font-weight: 700; font-size: 15px; text-align: justify;\">Sun World Hon Thom Nature Park</span><span style=\"font-size: 15px; text-align: justify;\"> với những hoạt động thú vị:</span></p><p style=\"line-height: 40px; font-size: 20px; color: rgb(45, 66, 113); font-family: Roboto, sans-serif;\"><span style=\"font-size: 15px; text-align: justify;\">- Trải nghiệm </span><span style=\"font-weight: 700; font-size: 15px; text-align: justify;\">cáp treo 3 dây vượt biển dài nhất thế giới - 7.899.9 mét.</span><br style=\"font-size: 15px; text-align: justify;\"><span style=\"font-size: 15px; text-align: justify;\">- Phấn khích tột độ cùng thử thách</span><span style=\"font-weight: 700; font-size: 15px; text-align: justify;\"> \"Mộc Xà thịnh nộ\" -</span><span style=\"font-size: 15px; text-align: justify;\"> trò chơi tàu lượn bằng gỗ đầu tiên tại Việt Nam, có tốc độ tối đa 80km/h với nhiều góc lượn ngoạn mục;</span><span style=\"font-weight: 700; font-size: 15px; text-align: justify;\"> đài quan sát \"Mắt đại bàng\" cao 120m</span><span style=\"font-size: 15px; text-align: justify;\"> - du khách như được bay lên không trung, thưởng ngoạn đại dương xanh ngắt bao la, những cánh rừng nhiệt đới xanh mướt, những đảo nhỏ nhấp nhô giữa biển trời khoáng đạt (trò chơi có thể tạm dừng vì lịch bảo trì)</span><br style=\"font-size: 15px; text-align: justify;\"><span style=\"font-size: 15px; text-align: justify;\">- Thỏa thích tắm biển</span><span style=\"font-weight: 700; font-size: 15px; text-align: justify;\"> Hòn Thơm: </span><span style=\"font-size: 15px; text-align: justify;\">một trong những bãi biển “quyến rũ nhất hành tinh”, với bãi cát trắng mịn, hoang sơ, hàng dừa nghiêng soi bóng, màu nước biển xanh màu ngọc bích, phản chiếu long lanh dưới ánh nắng mặt trời.</span><br style=\"font-size: 15px; text-align: justify;\"><span style=\"font-size: 15px; text-align: justify;\">- Tham gia</span><span style=\"font-weight: 700; font-size: 15px; text-align: justify;\"> các hoạt động giải trí trên biển:</span><span style=\"font-size: 15px; text-align: justify;\"> kayak, jetski, dù lượn, phao chuối (chi phí tự túc).</span><br style=\"font-size: 15px; text-align: justify;\"><span style=\"font-size: 15px; text-align: justify;\">- Vui chơi tại </span><span style=\"font-weight: 700; font-size: 15px; text-align: justify;\">công viên nước Aquatopia: </span><span style=\"font-size: 15px; text-align: justify;\">một trong những công viên nước chủ đề hàng đầu Đông Nam Á, trải nghiệm 6 khu check-in chủ đề hấp dẫn mang phong cách thổ dân huyền bí.</span><span style=\"font-size: 15px; text-align: justify;\"><br></span><span style=\"font-weight: 700; font-size: 15px; text-align: justify;\">Lãng du trên con đường Thị trấn Hoàng Hôn</span><span style=\"font-size: 15px; text-align: justify;\"> - được thiết kế với kiến trúc độc đáo, rực rỡ sắc màu của một thị trấn châu Âu cổ kính: check-in </span><span style=\"font-weight: 700; font-size: 15px; text-align: justify;\">‘1001’ kiểu bậc thang, Quảng trường La Mã, </span><span style=\"font-size: 15px; text-align: justify;\">“kỳ quan” </span><span style=\"font-weight: 700; font-size: 15px; text-align: justify;\">Khải Hoàn Môn,</span><span style=\"font-size: 15px; text-align: justify;\"> </span><span style=\"font-weight: 700; font-size: 15px; text-align: justify;\">Tháp đồng hồ cao 75m</span><span style=\"font-size: 15px; text-align: justify;\"> - lấy ý tưởng từ tháp chuông St. Mark’s Campanile của Ý; chiêm ngưỡng </span><span style=\"font-weight: 700; font-size: 15px; text-align: justify;\">Kiss Bridge</span><span style=\"font-size: 15px; text-align: justify;\"> - cây cầu nổi lên như một dải lụa giữa bờ biển trong xanh, với hai nhịp cầu vươn mình ôm trọn bờ cát trắng, hướng đến nhau, hợp vào làm một thể thống nhất nhưng không chạm nhau.</span></p><h3 id=\"day-01\" style=\"line-height: 40px; font-size: 20px; color: rgb(45, 66, 113); font-family: Roboto, sans-serif;\">Ngày 2 - VUI CHƠI THỎA THÍCH TẠI CÔNG VIÊN CHỦ ĐỀ VINWONDERS PHÚ QUỐC - KHU BẢO TỒN THIÊN NHIÊN SAFARI (Ăn sáng, trưa, chiều)</h3><p style=\"color: rgb(45, 66, 113); font-family: Roboto, sans-serif; font-size: 15px; text-align: justify;\">Quý khách bắt đầu hành trình trở về với thiên nhiên tại<span style=\"font-weight: 700;\"> Vinpearl Safari Phú Quốc</span> - Vườn thú bán hoang dã đầu tiên tại Việt Nam: với quy mô 180 ha, hơn 130 loài động vật quý hiếm, du khách thưởng thức các chương trình biểu diễn, chụp ảnh với động vật; trải nghiệm vườn thú mở trong rừng tự nhiên, gần gũi và thân thiện với con người.</p><p style=\"color: rgb(45, 66, 113); font-family: Roboto, sans-serif; font-size: 15px; text-align: justify;\">Buổi chiều, Quý khách tham quan khám phá<span style=\"font-weight: 700;\"> Khu vui chơi giải trí VinWonders - Công viên chủ đề lớn nhất Việt Nam, quy mô hàng đầu Châu Á</span>, du khách sẽ được:<br>- Trải nghiệm 12 nền văn minh nhân loại từ cổ chí kim;<br>- Khám phá 06 phân khu với hơn 100 hoạt động giải trí siêu độc lạ;<br>- Cuồng nhiệt tại <span style=\"font-weight: 700;\">Công Viên Nước lớn nhất Đông Nam Á;</span><br>- Chinh phục 20 trò chơi mạo hiểm khủng nhất hành tinh như đường trượt nhanh nhất thế giới <span style=\"font-weight: 700;\">“Cơn thịnh nộ của Zeus”, đường trượt khô “Cuộc chiến Chằn tinh” </span>cao 15m đầu tiên của Việt Nam, đường trượt trong nhà tối <span style=\"font-weight: 700;\">“Chiến binh Đại bàng” và “Lời nguyền Ác long” </span>- trò chơi tương tác trong nhà tối đầu tiên của Việt Nam,…<br>- Ngỡ ngàng với <span style=\"font-weight: 700;\">show diễn triệu đô Once</span> đẳng cấp thế giới;<br>- Choáng ngợp trước thế giới đại dương huyền ảo với tầm nhìn vô cực qua tấm kính acrylic khổng lồ 8x25m bên trong <span style=\"font-weight: 700;\">Cung điện Hải vương - thủy cung hình rùa lớn nhất thế giới.</span></p><p style=\"line-height: 40px; font-size: 20px; color: rgb(45, 66, 113); font-family: Roboto, sans-serif;\"><span style=\"font-size: 15px; text-align: justify;\"><br></span></p>', '<p class=\"s-title-03 tour-des\" style=\"margin-bottom: 30px; max-height: 100px; overflow: auto scroll; padding-right: 15px; line-height: 24px; text-align: justify; color: rgb(45, 66, 113); font-family: Roboto, sans-serif; font-size: 15px; background-color: rgb(249, 249, 249);\">Nha Trang – phố biển xinh đẹp với những thắng cảnh nổi tiếng mang đến giá trị văn hóa, lịch sử, giải trí hấp dẫn đang hòa chung nhịp đập với chương trình Festival Biển Nha Trang 2023 - “Khát Vọng Phát Triển” hứa hẹn truyền tải sâu sắc những nét văn hóa truyền thống đến đương đại thông qua các hoạt động từ biểu diễn nghệ thuật như: thời trang Khánh Hòa - Kết nối yêu thương, Đại nhạc hội âm vang đại dương, trình diễn ánh sáng kết hợp với 1563 drone (máy bay không người lái) cùng biểu diễn nghệ thuật đường phố và quần chúng với các ca sĩ nổi tiếng như Thanh Duy, Đông Hùng, Hải Yến, Hải Đăng, Issacc, Mặt Trời Mới, Hòa Minzy,..., triển lãm mỹ thuật - nhiếp ảnh đến các hoạt động thi đấu thể thao - lễ hội, xúc tiến du lịch, giới thiệu văn hóa ẩm thực, hội thảo khoa học - giáo dục diễn ra xuyên suốt từ 26/5 – 07/6/2023.</p><div class=\"box-order\" style=\"background-image: initial; background-position: initial; background-size: initial; background-repeat: initial; background-attachment: initial; background-origin: initial; background-clip: initial; border-radius: 10px; display: flex; justify-content: space-between; margin-bottom: 16px; padding: 15px 30px; color: rgb(45, 66, 113); font-family: Roboto, sans-serif; font-size: 15px;\"><div class=\"time\"></div></div>', '2024-04-01', '2024-04-06', 'TP HCM', 'HA NOI', '15:00:00', 'HCM', 'Xe bốn chỗ', 'Phu Quoc, Grand World, VinWonders, vuon tieu, nuoc mam, ngoc trai, Vin Safari, Hon Thom', 'Buffet sáng, Theo thực đơn, Đặc sản địa phương', '5 sao', 6784, 20, 6750000.00, 5500000.00, 1200000.00),
(1388, '65e875797bb377.87130675.png', 'Tour mới nữa', '//', '- Hà Giang là mảnh đất có rất nhiều màu sắc ấn tượng. Màu hồng phấn của những cánh đồng hoa tam giác mạch, mùa của hoa cải vàng, hoa mận, hoa ban; màu vàng ươm như rót mật của những thửa ruộng bậc thang mùa lúa chín; màu xanh của những dãy núi trùng điệp, của cung đường đèo Mã Pì Lèng nổi tiếng uốn lượn bên dòng sông Nho Quế thơ mộng… phủ khắp cả miền biên cương hùng vĩ của Tổ quốc. - Hà Giang còn mang sắc màu rực rỡ của những chiếc váy, của một không gian bồng bềnh mây khói, xanh ngắt của núi đồi với những con đường quanh co… Vẻ đẹp của cuộc sống giản dị hàng ngày giữa thiên nhiên hùng vĩ với những ánh mắt ngây thơ của trẻ nhỏ hay nụ cười hồn hậu của người dân… - Đặc biệt, du khách đến Hà Giang còn bị hớp hồn bởi những triền đá tai mèo trùng điệp, những con đường quanh co, uốn lượn, những điểm đến độc đáo như cao nguyên đá Đồng Văn, dinh thự họ Vương, cột cờ Lũng Cú hay cao điểm Vị Xuyên. Những sắc màu mang đầy sức sống của vùng sơn cước khi “cỏ cây chen đá, lá chen hoa” như mời gọi du khách đến với du lịch Hà Giang. Tất cả đã tạo nên một bức tranh Hà Giang rực rỡ làm say đắm lòng người và mời gọi du khách. - Tạm biệt cao nguyên đá Đồng Văn, Quý khách sẽ đặt chân đến vùng đất văn hóa của người Tày tại Vườn Quốc Gia Hồ Ba Bể, Bắc Cạn và Làng Đá Khuổi Ky, Cao Bằng. Nơi đây còn được biết đến với những danh thắng hùng vỹ như Hồ nước ngọt Ba Bể, Bắc Cạn - một trong một trăm hồ nước ngọt lớn nhất thế; thác Bản Giốc, Cao Bằng - thác nước lớn thứ tư thế giới trong số các thác nước đẹp nằm trên biên giới giữa các quốc gia, đồng thời là thác nước tự nhiên lớn nhất khu vực Đông Nam.', '2024-04-03', '2024-04-06', 'TP HCM', 'HA NOI', '09:00:00', 'HCM', 'Xe buýt', 'Hà Nội, Hà Giang, Mã Pí Lèng, Mèo Vạc, Thác Bản Giốc, Hồ Ba Bể, Cao Bằng', 'Theo thực đơn, Đặc sản địa phương', '5 sao', 6784, 10, 2750000.00, 1500000.00, 0.00),
(1389, 'tf_221027120730_405222.jpg', 'Tour mới an', 'dwqdqwd', 'dwqdqw', '2024-04-03', '2024-04-06', 'TP HCM', 'HA NOI', '09:00:00', 'HCM', 'Xe du lịch', 'Nha Trang, Phú Yên, Vinwonder, Dốc Lết, Gành Đá Dĩa, Mũi Đại Lãnh', 'Buffet sáng, Theo thực đơn', '5 sao', 6784, 15, 1475000.00, 900000.00, 0.00),
(1390, '65e87df12d6658.48702622.jpg', 'Hello tour', 'dwqdqw', 'dwqdwqd', '2024-04-04', '2024-04-07', 'TP HCM', 'HA NOI', '09:00:00', 'HCM', 'Xe du lịch', 'Nha Trang, Phú Yên, Vinwonder, Dốc Lết, Gành Đá Dĩa, Mũi Đại Lãnh', NULL, '5 sao', 6784, 16, 1475000.00, 943000.00, 0.00);

-- --------------------------------------------------------

--
-- Table structure for table `tours_images`
--

CREATE TABLE `tours_images` (
  `ID_Images` int(11) NOT NULL,
  `ID_Tour` int(11) DEFAULT NULL,
  `Images` text DEFAULT NULL
) ENGINE=InnoDB DEFAULT CHARSET=utf8 COLLATE=utf8_general_ci;

--
-- Dumping data for table `tours_images`
--

INSERT INTO `tours_images` (`ID_Images`, `ID_Tour`, `Images`) VALUES
(6, 1386, '65e889255ef6b7.74305494.jpg'),
(7, 1386, '65e88925607320.65336017.jpg'),
(8, 1386, '65e88925615e34.20241958.jpg'),
(9, 1386, '65e889256245b7.07291911.png'),
(10, 1387, '65e995dddd7177.71118387.jpg'),
(11, 1387, '65e995dddee452.63628894.jpg'),
(12, 1387, '65e995dddff657.74548626.jpg'),
(13, 1385, '65eda4b608b743.81201796.jpg'),
(14, 1385, '65eda4b609cbb9.62003636.png'),
(15, 1385, '65eda4b60b0d17.20322293.jpg'),
(16, 1385, '65eda4b60d41b9.26863512.jpg');

-- --------------------------------------------------------

--
-- Table structure for table `user`
--

CREATE TABLE `user` (
  `ID_User` int(11) NOT NULL,
  `TaiKhoan` varchar(50) NOT NULL,
  `MatKhau` varchar(50) NOT NULL,
  `HoTen` varchar(100) NOT NULL,
  `Email` varchar(100) NOT NULL,
  `SoDienThoai` varchar(20) DEFAULT NULL,
  `DiaChi` text DEFAULT NULL,
  `NgaySinh` date DEFAULT NULL,
  `VaiTro` varchar(50) DEFAULT NULL
) ENGINE=InnoDB DEFAULT CHARSET=utf8 COLLATE=utf8_general_ci;

--
-- Dumping data for table `user`
--

INSERT INTO `user` (`ID_User`, `TaiKhoan`, `MatKhau`, `HoTen`, `Email`, `SoDienThoai`, `DiaChi`, `NgaySinh`, `VaiTro`) VALUES
(2024, 'letrongnam123', 'letrongnamvaa', 'Lê Trọng Nam', 'ekko0903@gmail.com', NULL, NULL, NULL, '1'),
(2025, 'hello', 'hello123', '', 'hello123@gmail.com', '0123456789', NULL, NULL, '0'),
(2028, '', '123456789', '', 'hellochungtoi@gmail.com', '0123456745', NULL, NULL, NULL);

--
-- Indexes for dumped tables
--

--
-- Indexes for table `baiviet`
--
ALTER TABLE `baiviet`
  ADD PRIMARY KEY (`ID_News`),
  ADD KEY `ID_User` (`ID_User`),
  ADD KEY `ID_TheLoai` (`ID_TheLoai`);

--
-- Indexes for table `bookings`
--
ALTER TABLE `bookings`
  ADD PRIMARY KEY (`ID_Bookings`),
  ADD KEY `ID_Tour` (`ID_Tour`),
  ADD KEY `ID_KhachHang` (`ID_KhachHang`);

--
-- Indexes for table `chitietdatve`
--
ALTER TABLE `chitietdatve`
  ADD PRIMARY KEY (`ID_ChiTietDatVe`),
  ADD KEY `ID_DatVe` (`ID_DatVe`),
  ADD KEY `ID_DichVu` (`ID_DichVu`);

--
-- Indexes for table `chitietdatvekhuhoi`
--
ALTER TABLE `chitietdatvekhuhoi`
  ADD PRIMARY KEY (`ID_ChiTietDatVeKhuHoi`),
  ADD KEY `ID_DatVeKhuHoi` (`ID_DatVeKhuHoi`),
  ADD KEY `ID_DichVu` (`ID_DichVu`);

--
-- Indexes for table `chuyenbaydi`
--
ALTER TABLE `chuyenbaydi`
  ADD PRIMARY KEY (`ID_ChuyenBayDi`),
  ADD KEY `ID_LoaiBay` (`ID_LoaiBay`),
  ADD KEY `ID_CHK` (`ID_CHK`),
  ADD KEY `SoHieu` (`SoHieu`),
  ADD KEY `ID_MaTuyen` (`ID_MaTuyen`),
  ADD KEY `ID_LoaiVe` (`ID_LoaiVe`);

--
-- Indexes for table `chuyenbayve`
--
ALTER TABLE `chuyenbayve`
  ADD PRIMARY KEY (`ID_ChuyenBayVe`),
  ADD KEY `SoHieu` (`SoHieu`),
  ADD KEY `ID_CHK` (`ID_CHK`),
  ADD KEY `ID_LoaiBay` (`ID_LoaiBay`),
  ADD KEY `ID_MaTuyen` (`ID_MaTuyen`),
  ADD KEY `ID_LoaiVe` (`ID_LoaiVe`);

--
-- Indexes for table `datve`
--
ALTER TABLE `datve`
  ADD PRIMARY KEY (`ID_DatVe`),
  ADD KEY `ID_ChuyenBayDi` (`ID_MaTuyen`),
  ADD KEY `ID_ThongTin` (`ID_ThongTin`);

--
-- Indexes for table `datvekhuhoi`
--
ALTER TABLE `datvekhuhoi`
  ADD PRIMARY KEY (`ID_DatVeKhuHoi`),
  ADD KEY `ID_ThongTin` (`ID_ThongTin`),
  ADD KEY `ID_MaTuyen` (`ID_MaTuyen`);

--
-- Indexes for table `dichvu`
--
ALTER TABLE `dichvu`
  ADD PRIMARY KEY (`ID_DichVu`);

--
-- Indexes for table `huongdanvien`
--
ALTER TABLE `huongdanvien`
  ADD PRIMARY KEY (`ID_HuongDanVien`);

--
-- Indexes for table `khachhang`
--
ALTER TABLE `khachhang`
  ADD PRIMARY KEY (`ID_KhachHang`);

--
-- Indexes for table `lienhe`
--
ALTER TABLE `lienhe`
  ADD PRIMARY KEY (`ID_LienHe`);

--
-- Indexes for table `loaibay`
--
ALTER TABLE `loaibay`
  ADD PRIMARY KEY (`ID_LoaiBay`);

--
-- Indexes for table `loaive`
--
ALTER TABLE `loaive`
  ADD PRIMARY KEY (`ID_LoaiVe`);

--
-- Indexes for table `matuyen`
--
ALTER TABLE `matuyen`
  ADD PRIMARY KEY (`ID_MaTuyen`),
  ADD KEY `ID_LoaiBay` (`ID_LoaiBay`);

--
-- Indexes for table `phanhoi`
--
ALTER TABLE `phanhoi`
  ADD PRIMARY KEY (`ID_PhanHoi`),
  ADD KEY `ID_Tour` (`ID_Tour`),
  ADD KEY `ID_User` (`ID_User`);

--
-- Indexes for table `sanbay`
--
ALTER TABLE `sanbay`
  ADD PRIMARY KEY (`ID_CHK`);

--
-- Indexes for table `taubay`
--
ALTER TABLE `taubay`
  ADD PRIMARY KEY (`SoHieu`);

--
-- Indexes for table `thanhtoan`
--
ALTER TABLE `thanhtoan`
  ADD PRIMARY KEY (`ID_ThanhToan`),
  ADD KEY `ID_Bookings` (`ID_Bookings`);

--
-- Indexes for table `theloai`
--
ALTER TABLE `theloai`
  ADD PRIMARY KEY (`ID_TheLoai`);

--
-- Indexes for table `thongtincanhan`
--
ALTER TABLE `thongtincanhan`
  ADD PRIMARY KEY (`ID_ThongTin`);

--
-- Indexes for table `thongtinkhachhang`
--
ALTER TABLE `thongtinkhachhang`
  ADD PRIMARY KEY (`ID_ThongTinKhachHang`),
  ADD KEY `ID_KhachHang` (`ID_KhachHang`);

--
-- Indexes for table `thongtinkhachhangchuyenbay`
--
ALTER TABLE `thongtinkhachhangchuyenbay`
  ADD PRIMARY KEY (`ID_ThongTinChuyenBay`),
  ADD KEY `ID_ThongTin` (`ID_ThongTin`);

--
-- Indexes for table `tours`
--
ALTER TABLE `tours`
  ADD PRIMARY KEY (`ID_Tour`),
  ADD KEY `ID_HuongDanVien` (`ID_HuongDanVien`);

--
-- Indexes for table `tours_images`
--
ALTER TABLE `tours_images`
  ADD PRIMARY KEY (`ID_Images`),
  ADD KEY `ID_Tour` (`ID_Tour`);

--
-- Indexes for table `user`
--
ALTER TABLE `user`
  ADD PRIMARY KEY (`ID_User`);

--
-- AUTO_INCREMENT for dumped tables
--

--
-- AUTO_INCREMENT for table `baiviet`
--
ALTER TABLE `baiviet`
  MODIFY `ID_News` int(11) NOT NULL AUTO_INCREMENT, AUTO_INCREMENT=1092;

--
-- AUTO_INCREMENT for table `bookings`
--
ALTER TABLE `bookings`
  MODIFY `ID_Bookings` int(11) NOT NULL AUTO_INCREMENT, AUTO_INCREMENT=1667;

--
-- AUTO_INCREMENT for table `chitietdatve`
--
ALTER TABLE `chitietdatve`
  MODIFY `ID_ChiTietDatVe` int(11) NOT NULL AUTO_INCREMENT, AUTO_INCREMENT=9175;

--
-- AUTO_INCREMENT for table `chitietdatvekhuhoi`
--
ALTER TABLE `chitietdatvekhuhoi`
  MODIFY `ID_ChiTietDatVeKhuHoi` int(11) NOT NULL AUTO_INCREMENT, AUTO_INCREMENT=6474;

--
-- AUTO_INCREMENT for table `datve`
--
ALTER TABLE `datve`
  MODIFY `ID_DatVe` int(11) NOT NULL AUTO_INCREMENT, AUTO_INCREMENT=8767;

--
-- AUTO_INCREMENT for table `datvekhuhoi`
--
ALTER TABLE `datvekhuhoi`
  MODIFY `ID_DatVeKhuHoi` int(11) NOT NULL AUTO_INCREMENT, AUTO_INCREMENT=20266;

--
-- AUTO_INCREMENT for table `dichvu`
--
ALTER TABLE `dichvu`
  MODIFY `ID_DichVu` int(11) NOT NULL AUTO_INCREMENT, AUTO_INCREMENT=8;

--
-- AUTO_INCREMENT for table `khachhang`
--
ALTER TABLE `khachhang`
  MODIFY `ID_KhachHang` int(11) NOT NULL AUTO_INCREMENT, AUTO_INCREMENT=3702;

--
-- AUTO_INCREMENT for table `lienhe`
--
ALTER TABLE `lienhe`
  MODIFY `ID_LienHe` int(11) NOT NULL AUTO_INCREMENT, AUTO_INCREMENT=595;

--
-- AUTO_INCREMENT for table `loaibay`
--
ALTER TABLE `loaibay`
  MODIFY `ID_LoaiBay` int(11) NOT NULL AUTO_INCREMENT, AUTO_INCREMENT=3;

--
-- AUTO_INCREMENT for table `phanhoi`
--
ALTER TABLE `phanhoi`
  MODIFY `ID_PhanHoi` int(11) NOT NULL AUTO_INCREMENT, AUTO_INCREMENT=2038;

--
-- AUTO_INCREMENT for table `thanhtoan`
--
ALTER TABLE `thanhtoan`
  MODIFY `ID_ThanhToan` int(11) NOT NULL AUTO_INCREMENT, AUTO_INCREMENT=1134;

--
-- AUTO_INCREMENT for table `theloai`
--
ALTER TABLE `theloai`
  MODIFY `ID_TheLoai` int(11) NOT NULL AUTO_INCREMENT, AUTO_INCREMENT=10;

--
-- AUTO_INCREMENT for table `thongtincanhan`
--
ALTER TABLE `thongtincanhan`
  MODIFY `ID_ThongTin` int(11) NOT NULL AUTO_INCREMENT, AUTO_INCREMENT=4693;

--
-- AUTO_INCREMENT for table `thongtinkhachhang`
--
ALTER TABLE `thongtinkhachhang`
  MODIFY `ID_ThongTinKhachHang` int(11) NOT NULL AUTO_INCREMENT, AUTO_INCREMENT=5681;

--
-- AUTO_INCREMENT for table `thongtinkhachhangchuyenbay`
--
ALTER TABLE `thongtinkhachhangchuyenbay`
  MODIFY `ID_ThongTinChuyenBay` int(11) NOT NULL AUTO_INCREMENT, AUTO_INCREMENT=1591;

--
-- AUTO_INCREMENT for table `tours`
--
ALTER TABLE `tours`
  MODIFY `ID_Tour` int(11) NOT NULL AUTO_INCREMENT, AUTO_INCREMENT=1391;

--
-- AUTO_INCREMENT for table `tours_images`
--
ALTER TABLE `tours_images`
  MODIFY `ID_Images` int(11) NOT NULL AUTO_INCREMENT, AUTO_INCREMENT=17;

--
-- AUTO_INCREMENT for table `user`
--
ALTER TABLE `user`
  MODIFY `ID_User` int(11) NOT NULL AUTO_INCREMENT, AUTO_INCREMENT=2029;

--
-- Constraints for dumped tables
--

--
-- Constraints for table `baiviet`
--
ALTER TABLE `baiviet`
  ADD CONSTRAINT `baiviet_ibfk_1` FOREIGN KEY (`ID_User`) REFERENCES `user` (`ID_User`),
  ADD CONSTRAINT `baiviet_ibfk_2` FOREIGN KEY (`ID_TheLoai`) REFERENCES `theloai` (`ID_TheLoai`);

--
-- Constraints for table `bookings`
--
ALTER TABLE `bookings`
  ADD CONSTRAINT `bookings_ibfk_1` FOREIGN KEY (`ID_Tour`) REFERENCES `tours` (`ID_Tour`),
  ADD CONSTRAINT `bookings_ibfk_2` FOREIGN KEY (`ID_KhachHang`) REFERENCES `khachhang` (`ID_KhachHang`);

--
-- Constraints for table `chitietdatve`
--
ALTER TABLE `chitietdatve`
  ADD CONSTRAINT `chitietdatve_ibfk_1` FOREIGN KEY (`ID_DatVe`) REFERENCES `datve` (`ID_DatVe`),
  ADD CONSTRAINT `chitietdatve_ibfk_2` FOREIGN KEY (`ID_DatVe`) REFERENCES `datve` (`ID_DatVe`),
  ADD CONSTRAINT `chitietdatve_ibfk_3` FOREIGN KEY (`ID_DatVe`) REFERENCES `datve` (`ID_DatVe`);

--
-- Constraints for table `chitietdatvekhuhoi`
--
ALTER TABLE `chitietdatvekhuhoi`
  ADD CONSTRAINT `chitietdatvekhuhoi_ibfk_1` FOREIGN KEY (`ID_DatVeKhuHoi`) REFERENCES `datvekhuhoi` (`ID_DatVeKhuHoi`);

--
-- Constraints for table `chuyenbaydi`
--
ALTER TABLE `chuyenbaydi`
  ADD CONSTRAINT `chuyenbaydi_ibfk_1` FOREIGN KEY (`ID_CHK`) REFERENCES `sanbay` (`ID_CHK`),
  ADD CONSTRAINT `chuyenbaydi_ibfk_2` FOREIGN KEY (`SoHieu`) REFERENCES `taubay` (`SoHieu`),
  ADD CONSTRAINT `chuyenbaydi_ibfk_3` FOREIGN KEY (`ID_LoaiBay`) REFERENCES `loaibay` (`ID_LoaiBay`),
  ADD CONSTRAINT `chuyenbaydi_ibfk_4` FOREIGN KEY (`ID_CHK`) REFERENCES `sanbay` (`ID_CHK`),
  ADD CONSTRAINT `chuyenbaydi_ibfk_5` FOREIGN KEY (`SoHieu`) REFERENCES `taubay` (`SoHieu`),
  ADD CONSTRAINT `chuyenbaydi_ibfk_6` FOREIGN KEY (`ID_MaTuyen`) REFERENCES `matuyen` (`ID_MaTuyen`),
  ADD CONSTRAINT `chuyenbaydi_ibfk_7` FOREIGN KEY (`ID_LoaiVe`) REFERENCES `loaive` (`ID_LoaiVe`);

--
-- Constraints for table `chuyenbayve`
--
ALTER TABLE `chuyenbayve`
  ADD CONSTRAINT `chuyenbayve_ibfk_1` FOREIGN KEY (`SoHieu`) REFERENCES `taubay` (`SoHieu`),
  ADD CONSTRAINT `chuyenbayve_ibfk_2` FOREIGN KEY (`ID_CHK`) REFERENCES `sanbay` (`ID_CHK`),
  ADD CONSTRAINT `chuyenbayve_ibfk_3` FOREIGN KEY (`ID_LoaiBay`) REFERENCES `loaibay` (`ID_LoaiBay`),
  ADD CONSTRAINT `chuyenbayve_ibfk_4` FOREIGN KEY (`ID_MaTuyen`) REFERENCES `matuyen` (`ID_MaTuyen`),
  ADD CONSTRAINT `chuyenbayve_ibfk_5` FOREIGN KEY (`ID_LoaiVe`) REFERENCES `loaive` (`ID_LoaiVe`);

--
-- Constraints for table `datve`
--
ALTER TABLE `datve`
  ADD CONSTRAINT `datve_ibfk_2` FOREIGN KEY (`ID_ThongTin`) REFERENCES `thongtincanhan` (`ID_ThongTin`);

--
-- Constraints for table `datvekhuhoi`
--
ALTER TABLE `datvekhuhoi`
  ADD CONSTRAINT `datvekhuhoi_ibfk_2` FOREIGN KEY (`ID_ThongTin`) REFERENCES `thongtincanhan` (`ID_ThongTin`);

--
-- Constraints for table `matuyen`
--
ALTER TABLE `matuyen`
  ADD CONSTRAINT `matuyen_ibfk_1` FOREIGN KEY (`ID_LoaiBay`) REFERENCES `loaibay` (`ID_LoaiBay`);

--
-- Constraints for table `phanhoi`
--
ALTER TABLE `phanhoi`
  ADD CONSTRAINT `phanhoi_ibfk_1` FOREIGN KEY (`ID_Tour`) REFERENCES `tours` (`ID_Tour`),
  ADD CONSTRAINT `phanhoi_ibfk_2` FOREIGN KEY (`ID_User`) REFERENCES `user` (`ID_User`);

--
-- Constraints for table `thanhtoan`
--
ALTER TABLE `thanhtoan`
  ADD CONSTRAINT `thanhtoan_ibfk_1` FOREIGN KEY (`ID_Bookings`) REFERENCES `bookings` (`ID_Bookings`);

--
-- Constraints for table `thongtinkhachhang`
--
ALTER TABLE `thongtinkhachhang`
  ADD CONSTRAINT `thongtinkhachhang_ibfk_1` FOREIGN KEY (`ID_KhachHang`) REFERENCES `khachhang` (`ID_KhachHang`);

--
-- Constraints for table `thongtinkhachhangchuyenbay`
--
ALTER TABLE `thongtinkhachhangchuyenbay`
  ADD CONSTRAINT `thongtinkhachhangchuyenbay_ibfk_1` FOREIGN KEY (`ID_ThongTin`) REFERENCES `thongtincanhan` (`ID_ThongTin`);

--
-- Constraints for table `tours`
--
ALTER TABLE `tours`
  ADD CONSTRAINT `tours_ibfk_1` FOREIGN KEY (`ID_HuongDanVien`) REFERENCES `huongdanvien` (`ID_HuongDanVien`);

--
-- Constraints for table `tours_images`
--
ALTER TABLE `tours_images`
  ADD CONSTRAINT `tours_images_ibfk_1` FOREIGN KEY (`ID_Tour`) REFERENCES `tours` (`ID_Tour`);
COMMIT;

/*!40101 SET CHARACTER_SET_CLIENT=@OLD_CHARACTER_SET_CLIENT */;
/*!40101 SET CHARACTER_SET_RESULTS=@OLD_CHARACTER_SET_RESULTS */;
/*!40101 SET COLLATION_CONNECTION=@OLD_COLLATION_CONNECTION */;
